Name,Brand,SeasonScore_Summer,SeasonScore_Winter,SeasonScore_Spring,SeasonScore_Fall,GenderScore_Men,GenderScore_Women,GenderScore_Unisex
Tihota Eau de Parfum,Indult,2.6,17.6,0.0,0.0,0.0,14.200000000000001,1.0
Sola Parfum,Di Ser,4.0,0.0,7.2,0.0,1.2,7.2,0.0
Kagiroi Parfum,Di Ser,2.0,6.0,5.0,8.3,10.6,1.8,2.0
Velvet Fantasy Eau de Parfum,Montale,2.0,24.900000000000002,8.3,6.6000000000000005,9.7,14.1,1.2
A Blvd. Called Sunset Eau de Parfum,A Lab on Fire,6.800000000000001,12.0,8.4,3.6,9.4,8.600000000000001,2.0
Freckled and Beautiful Eau de Parfum,A Lab on Fire,3.0,9.700000000000001,5.0,5.3999999999999995,1.6,5.2,1.6
Exit the King Eau de Parfum,Etat Libre d'Orange,3.2,4.6,8.700000000000001,3.6,4.5,5.4,3.0
Eshu Extrait,PRIN,0.0,7.9,0.0,15.600000000000001,10.5,1.4,0.0
Saringkarn Extrait,PRIN,0.0,20.999999999999996,5.4,8.8,17.8,6.800000000000001,0.0
Arsalan Parfum,PRIN,0.0,26.700000000000003,5.1,12.3,17.099999999999998,5.0,0.0
Nocturnal Poetry Parfum,PRIN,0.0,15.200000000000001,13.6,3.4,12.600000000000001,10.4,1.0
Homa Parfum,PRIN,1.5,17.0,4.8,9.2,10.299999999999999,1.8,0.0
Koala Extrait de Parfum,Zoologist,0.0,11.0,1.6,9.4,8.7,3.0,1.0
L'Homme A La Rose Eau de Parfum,Maison Francis Kurkdjian,6.800000000000001,3.6,19.8,1.6,5.6000000000000005,22.7,2.0
Rozu Eau de Parfum,Aesop,1.2,1.6,16.0,1.6,3.2,14.4,1.0
Champs Lunaires Eau de Toilette,Rogue Perfumery,0.0,1.4,6.4,1.8,2.9000000000000004,3.4000000000000004,1.0
Prends-Moi Eau de Parfum,Isabey,3.0,3.5,8.1,4.9,1.6,3.6,0.0
Eau de Cuisine Eau de Parfum,Hilde Soliani,5.4,1.8,0.0,0.0,2.4,1.4,2.0
Disobbedienza Eau de Parfum,Hilde Soliani,0.0,3.6,3.6,0.0,0.0,5.0,0.0
Vanille de Tahiti Eau de Parfum,Perris Monte Carlo,0.0,20.400000000000002,1.8,9.200000000000001,7.000000000000001,11.200000000000001,0.0
Gris Charnel Eau de Parfum,BDK Parfums,0.0,3.3,1.5,4.9,3.4000000000000004,0.0,0.0
Milk Musk Eau de Toilette,Molton Brown,4.4,21.099999999999998,0.0,1.2,7.800000000000001,4.800000000000001,3.0
Blackberry Woods Eau de Parfum,Shay & Blue,6.8,0.0,3.4000000000000004,0.0,2.4,1.8,1.0
Lavande Romaine Eau de Parfum,Perris Monte Carlo,0.0,1.4,0.0,1.7,2.9000000000000004,0.0,0.0
Celestial Eau de Parfum,Electimuss,1.2,5.1,5.4,4.7,4.9,5.4,0.0
Puritas Eau de Parfum,Electimuss,0.0,10.3,5.1,2.8,1.5,3.6,0.0
Thurible Eau de Parfum,Rook Perfumes,3.2,32.400000000000006,3.6,6.200000000000001,14.1,5.0,4.6
Suede Eau de Parfum,Rook Perfumes,0.0,17.6,0.0,5.4,18.0,1.4,0.0
Amber Eau de Parfum,Rook Perfumes,0.0,31.8,0.0,16.8,6.0,3.0,0.0
Interlude Black Iris Eau de Parfum,Amouage,1.8,15.600000000000001,10.5,10.2,12.8,1.6,0.0
Escale En Haiti Eau De Cologne,Les Indemodables,3.6,3.6,0.0,12.800000000000002,13.8,1.4,2.2
Escale En Indonesie Eau De Cologne,Les Indemodables,15.399999999999999,8.0,7.0,3.6,3.2,5.4,2.2
Zeste de Gingembre Eau de Parfum,HEELEY,14.6,6.4,0.0,4.6,2.8,0.0,5.0
Haute Provence Eau de Parfum,Parle Moi de Parfum,0.0,0.0,5.0,0.0,1.2,1.8,2.0
Escentric 05 - Travel Spray Eau de Toilette,Escentric Molecules,6.4,9.3,4.699999999999999,6.6,3.0,3.2,2.0
1979 New Wave Eau de Parfum,Les Bains Guerbois,4.3,6.7,1.5,9.7,7.300000000000001,0.0,0.0
2018 Roxo Tonic Eau de Parfum,Les Bains Guerbois,9.8,2.7,0.0,2.8,3.1,0.0,1.2
Sel d'Argent Eau de Parfum,BDK Parfums,8.0,1.4,2.9,0.0,1.3,0.0,1.0
Citrus Riviera Eau de Parfum,BDK Parfums,10.0,3.4000000000000004,3.2,1.6,1.8,1.8,1.2
Smoke Show Eau de Parfum,Vilhelm Parfumerie,1.2,12.2,3.6,3.2,11.2,3.6,0.0
Do Not Disturb Eau de Parfum,Vilhelm Parfumerie,0.0,1.6,3.3,0.0,0.0,1.8,0.0
Room Service Eau de Parfum,Vilhelm Parfumerie,3.0,6.7,4.8,8.0,4.5,4.699999999999999,1.2
Purple Fig Eau de Parfum,Vilhelm Parfumerie,1.6,1.2,6.5,1.6,1.8,3.2,3.0
Basilico & Fellini Eau de Parfum,Vilhelm Parfumerie,3.2,0.0,3.1,1.6,1.8,0.0,3.0
Poets of Berlin Eau de Parfum,Vilhelm Parfumerie,5.6,2.2,4.800000000000001,5.0,5.2,1.6,4.0
Morning Chess Eau de Parfum,Vilhelm Parfumerie,4.6000000000000005,7.6,4.7,1.6,4.0,0.0,3.0
Mango Skin Eau de Parfum,Vilhelm Parfumerie,0.0,9.2,3.6,1.6,1.6,6.800000000000001,0.0
Dear Polly Eau de Parfum,Vilhelm Parfumerie,3.0,4.8,0.0,1.6,2.6,0.0,0.0
Black Citrus Eau de Parfum,Vilhelm Parfumerie,10.2,6.2,4.5,3.0,0.0,0.0,3.4
Lil Fleur Eau de Parfum,BYREDO,1.2,11.500000000000002,7.2,2.8,2.0,11.8,0.0
Kurokami Parfum,Di Ser,1.8,0.0,10.8,1.8,1.6,10.8,0.0
Bouquet de Hongrie Eau de Parfum,BDK Parfums,4.0,3.4,3.6,3.3,2.9000000000000004,3.6,2.0
Undergrowth Eau de Parfum,Rook Perfumes,8.600000000000001,3.0,3.2,3.0,4.3,0.0,4.0
Rook Eau de Parfum,Rook Perfumes,1.6,13.800000000000002,0.0,6.5,9.700000000000001,0.0,2.0
Forest Eau de Parfum,Rook Perfumes,0.0,12.200000000000001,4.800000000000001,8.5,7.5,0.0,4.0
Hapyang Eau de Parfum,"Pierre Guillaume Paris, Parfumerie Generale",0.0,4.4,1.8,0.0,0.0,7.2,0.0
Young Hearts Eau de Parfum,Bruno Acampora,6.800000000000001,5.0,13.200000000000001,3.4000000000000004,3.1,5.4,4.0
Eau de Yuzu Eau de Toilette,PARFUMS DE NICOLAI,23.200000000000003,3.2,0.0,1.4,1.2,1.4,5.4
Creme de Cuir Eau de Parfum,BDK Parfums,3.6,8.399999999999999,1.6,1.8,7.5,3.0,1.0
Tabac Rose Eau de Parfum,BDK Parfums,2.0,16.3,9.0,7.6,4.0,10.4,0.0
French Bouquet Eau de Parfum,BDK Parfums,5.2,6.4,11.9,6.800000000000001,6.7,10.6,0.0
Oud Abramad Eau de Parfum,BDK Parfums,3.5999999999999996,10.0,1.8,0.0,5.4,1.8,0.0
Rouge Smoking Eau de Parfum,BDK Parfums,3.0,7.0,0.0,0.0,1.3,1.6,0.0
Tubereuse Imperiale Eau de Parfum,BDK Parfums,1.2,5.800000000000001,6.6,1.8,3.1,5.2,0.0
Nuit de Sable Eau de Parfum,BDK Parfums,0.0,6.199999999999999,3.6,4.8,2.9000000000000004,3.6,0.0
Wood Jasmin Eau de Parfum,BDK Parfums,2.2,7.4,7.2,0.0,1.5,10.200000000000001,0.0
Pas Ce Soir Eau de Parfum,BDK Parfums,1.6,3.6,3.2,1.6,0.0,1.8,0.0
Dolceacqua Eau de Parfum,Masque Milano,3.2,2.2,5.2,0.0,0.0,6.6,0.0
Black Beard Extrait de Parfum,CALAJ Perfumes,1.8,8.799999999999999,1.8,5.0,7.5,1.8,0.0
Transilvania Extrait de Parfum,CALAJ Perfumes,0.0,7.4,5.1,1.4,3.2,5.2,0.0
Love Toxin Extrait de Parfum,CALAJ Perfumes,1.8,5.6,9.5,0.0,3.3,5.2,0.0
Oshun Extrait de Parfum,CALAJ Perfumes,3.6,10.500000000000002,5.4,8.2,2.0,6.800000000000001,1.0
Isra & Miraj Eau de Parfum,Stephane Humbert Lucas 777,1.8,18.900000000000002,0.0,8.3,8.9,1.6,0.0
Petits Papiers Eau de Parfum,Mad et Len,0.0,6.5,0.0,1.2,1.5,1.4,0.0
La Danza delle Libellule Eau de Parfum,Nobile 1942,3.6,12.600000000000001,0.0,8.2,5.800000000000001,6.9,0.0
Magnolia Grandiflora - Michel Eau de Parfum,Grandiflora,7.199999999999999,3.0,8.6,3.4000000000000004,4.9,7.2,1.0
Bell'Antonio Eau de Parfum,Hilde Soliani,1.2,6.3999999999999995,0.0,7.2,7.6,0.0,0.0
Golden Moka Eau de Parfum,Xerjoff,7.6,17.1,5.2,3.2,5.3,3.6,3.2
Oud Stars - Indochine Parfum,Xerjoff,0.0,30.599999999999998,12.0,0.0,16.5,14.4,1.0
Fatal Charme Eau de Parfum,Xerjoff - Join the Club,3.2,2.8,4.5,0.0,2.6,4.6,2.0
Mad About You Eau de Parfum,Pierre Guillaume Paris Black Collection,0.0,9.6,3.0,1.8,7.8,1.6,0.0
Anti-Blues,Pierre Guillaume Paris Black Collection,1.8,20.3,0.0,12.0,16.7,3.2,0.0
Tahiti Vanilla Parfum,Farmacia SS. Annunziata dal 1561,9.399999999999999,9.900000000000002,3.6,11.4,9.8,9.8,0.0
Fuyu Eau de Parfum,Tom Daxon,0.0,1.4,9.9,1.7,2.9000000000000004,10.0,1.0
Perfumista Eau de Parfum,Anatole Lebreton,0.0,1.4,9.0,3.5,4.7,14.100000000000001,0.0
Douleur! Eau de Parfum,Bogue Profumo,3.4000000000000004,0.0,7.2,0.0,0.0,8.6,1.0
Ambre Stone Eau de Parfum,Anthologie de Grands Crus,8.2,13.2,3.6,8.0,3.2,5.0,0.0
Vanille d'Amine Eau de Parfum,Anthologie de Grands Crus,0.0,25.5,0.0,4.800000000000001,5.1,9.600000000000001,0.0
Bergamote de G. Franco Eau de Parfum,Anthologie de Grands Crus,9.2,0.0,1.6,0.0,1.2,1.4,2.2
Vetiver de Pierre Eau de Parfum,Anthologie de Grands Crus,0.0,5.4,5.2,26.4,20.2,3.6,1.0
Jasmin de Cherifa Eau de Parfum,Anthologie de Grands Crus,1.6,0.0,16.200000000000003,3.6,4.4,19.200000000000003,1.0
I Love YY,Bogue Profumo,6.6000000000000005,7.6000000000000005,12.0,1.7,1.6,12.0,1.6
New York Eau de Parfum,Widian,12.8,14.199999999999998,7.2,7.199999999999999,9.6,10.4,3.2
Gold II Sahara Parfum Extrait,Widian,5.2,13.0,8.2,8.1,4.2,10.0,1.2
Bengale Rouge Eau de Parfum,Papillon Artisan Perfumes,2.4,23.700000000000003,6.9,9.0,3.2,14.8,0.0
Avatar Eau de Parfum,Hilde Soliani,1.2,3.6,0.0,0.0,0.0,1.4,0.0
Midnight Saffron Eau de Parfum,Tom Daxon,0.0,5.6,1.8,3.2,3.6,1.8,0.0
Dolls Eau de Parfum,Moth and Rabbit,2.8,3.0,3.2,2.9,2.9000000000000004,4.6,0.0
Opale Eau de Parfum,Omnia Profumo,9.2,10.2,5.4,3.0999999999999996,4.2,7.0,2.0
Poudrextase Eau de Parfum,Marlou,3.2,2.8,3.6,0.0,2.6,5.0,5.0
Single Man Eau de Parfum,Moth and Rabbit,4.0,10.6,4.8,12.6,6.6000000000000005,1.8,1.2
Whisky Oud Parfum Concentration,Farmacia SS. Annunziata dal 1561,0.0,23.6,0.0,6.5,23.000000000000004,1.4,0.0
Limited 71 Intense Eau de Parfum,Widian,7.4,23.4,0.0,12.399999999999999,9.700000000000001,1.4,3.4
Lambrosc Eau de Parfum,Hilde Soliani,1.2,0.0,1.8,2.4,0.0,5.999999999999999,0.0
Donna Sentenza Eau de Parfum,Hilde Soliani,0.0,6.2,0.0,0.0,0.0,3.2,2.0
Manteuse Eau de Parfum,Stephane Humbert Lucas 777,3.6,10.100000000000001,4.8,5.8,4.9,8.0,0.0
Against Nature Eau de Parfum,Timothy Han Edition Perfumes,2.0,5.0,5.0,6.4,4.7,1.8,2.0
Cornaline Eau de Parfum,Anatole Lebreton,1.2,8.8,1.6,1.6,4.2,6.1,1.0
Bluebijou Eau de Parfum,Piotr Czarnecki,2.2,9.5,3.0,5.2,9.3,1.4,0.0
Kiviskin Eau de Parfum,Piotr Czarnecki,4.4,20.0,3.1,12.3,21.200000000000003,0.0,3.0
Venom of Angel Eau de Parfum,Piotr Czarnecki,1.2,7.199999999999999,1.6,5.0,4.7,1.4,1.0
Hili Eau de Parfum,Widian,3.6,9.4,10.2,10.7,5.2,10.200000000000001,0.0
Niral Eau de Parfum,Neela Vermeire Creations,0.0,7.1,11.799999999999999,8.0,8.799999999999999,7.2,1.0
London Eau de Parfum,Widian,0.0,19.200000000000003,5.0,5.6,8.5,3.4000000000000004,0.0
Buonissimo Eau de Parfum,Hilde Soliani,1.2,8.0,0.0,0.0,0.0,6.0,0.0
Boronia Eau de Parfum,Grandiflora,2.0,4.9,8.5,8.2,4.0,9.9,1.0
Ambilux (formerly 50ml d'Ambiguite) Eau de Parfum,Marlou,0.0,11.2,0.0,7.0,8.1,1.4,0.0
Grimoire Eau de Parfum,Anatole Lebreton,4.2,9.5,1.6,4.1,4.6,0.0,1.0
The Decay Of The Angel Eau de Parfum,Timothy Han Edition Perfumes,5.6,17.6,7.2,2.9,6.7,7.2,1.0
Dryad Eau de Parfum,Papillon Artisan Perfumes,3.4000000000000004,4.0,13.9,6.2,3.8,1.6,5.0
L'homme Accompli Eau de Parfum,Divine,7.4,15.6,4.5,9.399999999999999,21.0,1.4,1.0
White Madera Eau de Parfum,Omnia Profumo,8.4,24.500000000000004,1.8,8.5,8.4,11.400000000000002,4.4
Cactus Azul Eau de Parfum,Fueguia 1833,11.6,0.0,3.2,1.8,4.0,1.8,6.0
Chamber Eau de Parfum,Fueguia 1833,6.2,0.0,3.2,0.0,0.0,0.0,3.0
Jacaranda Eau de Parfum,Fueguia 1833,0.0,0.0,1.8,1.8,1.8,1.8,0.0
Muskara Phero J Eau de Parfum,Fueguia 1833,0.0,1.4,0.0,0.0,1.3,0.0,0.0
Quilombo Eau de Parfum,Fueguia 1833,0.0,6.2,0.0,0.0,0.0,4.6,0.0
Thays Eau de Parfum,Fueguia 1833,3.0,0.0,3.2,0.0,0.0,0.0,2.0
La Cautiva Eau de Parfum,Fueguia 1833,4.0,13.9,1.6,1.2,3.9000000000000004,6.200000000000001,2.0
Biblioteca de Babel Eau de Parfum,Fueguia 1833,0.0,13.5,1.5,20.199999999999996,16.200000000000003,1.4,0.0
Panthea Eau de Parfum,Stephane Humbert Lucas 777,4.6000000000000005,8.2,9.6,5.199999999999999,4.9,7.4,2.0
Wish Come True Eau de Parfum,Stephane Humbert Lucas 777,9.0,18.4,4.8,0.0,4.3,10.8,4.4
MEM Eau de Parfum,Bogue Profumo,3.4000000000000004,10.8,10.7,5.2,9.8,14.2,1.0
Delma Eau de Parfum,Widian,5.0,10.4,6.7,4.8,5.8,5.0,3.0
Liwa Eau de Parfum,Widian,1.8,12.399999999999999,5.4,14.5,14.5,10.000000000000002,0.0
Aqaysos Eau de Parfum,Pierre Guillaume Paris Black Collection,10.0,0.0,0.0,1.8,7.4,2.9,2.0
Il Tempo delle Mele Eau de Parfum,Hilde Soliani,0.0,7.0,0.0,2.4,0.0,3.2,0.0
Hot Milk Eau de Parfum,Hilde Soliani,0.0,3.6,0.0,1.8,0.0,0.0,0.0
Carnicure (formerly L'animal sauvage) Eau de Parfum,Marlou,3.2,15.200000000000001,5.8,7.2,9.0,6.1,0.0
Passion Eau de Parfum,M. Micallef,0.0,14.400000000000002,0.0,5.4,6.7,0.0,0.0
Rahele Eau de Parfum,Neela Vermeire Creations,0.0,13.799999999999999,16.3,11.7,8.799999999999999,8.8,1.0
Sweet Parmesan Violet Eau de Parfum,Hilde Soliani,0.0,0.0,7.5,0.0,0.0,7.199999999999999,0.0
Una Tira l'Altra Eau de Parfum,Hilde Soliani,0.0,1.4,0.0,1.6,0.0,2.9,0.0
Oud Orange Intense Eau de Parfum,Fragrance du Bois,0.0,24.7,0.0,6.4,14.4,6.4,0.0
Oud Noir Intense Eau de Parfum,Fragrance du Bois,1.8,30.2,5.4,8.1,15.299999999999999,8.4,0.0
Sahraa Oud Eau de Parfum,Fragrance du Bois,0.0,26.500000000000004,3.6,9.6,16.5,6.6,0.0
London Oud Eau de Parfum,Fragrance du Bois,13.8,21.600000000000005,1.8,6.3,15.799999999999997,3.4000000000000004,0.0
Oud Jaune Intense Eau de Parfum,Fragrance du Bois,3.2,17.700000000000003,9.399999999999999,4.4,10.700000000000001,8.3,0.0
Oud Bleu Intense Eau de Parfum,Fragrance du Bois,7.2,29.000000000000004,0.0,14.0,12.7,1.4,3.2
Oud Rouge Intense Eau de Parfum,Fragrance du Bois,4.0,13.500000000000002,0.0,12.899999999999999,19.6,0.0,0.0
Verde di Persia Parfum Concentration,Farmacia SS. Annunziata dal 1561,2.0,11.3,6.6000000000000005,5.6000000000000005,2.6,4.6,3.0
20 Years Eau de Parfum,M. Micallef,6.6,15.400000000000002,8.6,4.1,1.3,13.2,2.0
Gold I Parfum Extrait,Widian,2.8,22.4,1.8,9.8,10.5,6.4,1.0
Queen Of The Night Eau de Parfum,Grandiflora,6.4,5.2,9.4,1.6,1.3,8.3,2.2
Cafe Chantant Parfum Extrait,Nobile 1942,0.0,12.400000000000002,4.8,3.6,7.7,8.0,0.0
Taklamakan Eau de Parfum,Stephane Humbert Lucas 777,1.8,30.6,3.6,16.599999999999998,10.8,12.6,0.0
"Eye, Hatshepsut Eau de Parfum",Charenton Macerations,0.0,8.4,3.3,1.8,4.4,1.8,0.0
Perdizione Eau de Parfum,Nobile 1942,9.0,5.800000000000001,5.0,1.7,2.9000000000000004,9.600000000000001,0.0
Sandalo Nobile Eau de Parfum,Nobile 1942,1.6,3.2,4.6,10.6,10.900000000000002,0.0,2.0
On The Road Eau de Parfum,Timothy Han Edition Perfumes,9.2,10.799999999999999,4.6,3.7,3.6,1.6,3.2
Black V Parfum Extrait,Widian,8.4,9.3,7.6,8.2,3.2,6.4,0.0
Incarnata Eau de Parfum,Anatole Lebreton,0.0,7.5,6.6,4.4,0.0,11.200000000000001,0.0
La Haine Eau de Parfum,Moth and Rabbit,0.0,3.4,0.0,1.7,4.9,0.0,0.0
Madagascan Jasmine Eau de Parfum,Grandiflora,5.6,0.0,19.4,0.0,0.0,16.2,5.4
La Danza delle Libellule Exceptional Edition Parfum Extrait,Nobile 1942,1.8,11.600000000000001,0.0,5.3,2.9000000000000004,8.400000000000002,0.0
Salome Eau de Parfum,Papillon Artisan Perfumes,5.0,7.6,11.8,2.0,4.0,12.0,0.0
Black I Parfum Extrait,Widian,0.0,15.6,0.0,13.4,12.200000000000001,0.0,0.0
Black II Parfum Extrait,Widian,1.6,17.0,3.6,3.6,5.800000000000001,14.399999999999999,3.4
Black III Parfum Extrait,Widian,6.6000000000000005,10.0,0.0,6.0,7.2,4.7,3.8
Black IV Parfum Extrait,Widian,3.6,13.400000000000002,9.0,1.8,8.2,16.8,2.4
Goddess of Love & Perfume Parfum Extrait,4160 Tuesdays,5.6,5.2,5.3,0.0,1.3,6.7,0.0
L'Eau Scandaleuse Eau de Parfum,Anatole Lebreton,3.6,15.8,3.0,0.0,14.0,1.4,0.0
Bois Lumiere Eau de Parfum,Anatole Lebreton,0.0,0.0,5.4,8.299999999999999,1.6,12.4,0.0
Maxed Out Parfum Extrait,4160 Tuesdays,1.5,9.6,0.0,5.300000000000001,3.6,3.2,0.0
Alchemico Eau de Parfum,Mazzolari,2.8,13.3,5.4,9.0,9.6,6.800000000000001,1.0
Fougere Nobile Eau de Parfum,Nobile 1942,7.6000000000000005,10.2,0.0,11.8,16.6,0.0,1.0
Mortal Skin Eau de Parfum,Stephane Humbert Lucas 777,0.0,10.600000000000001,1.5,6.1000000000000005,5.7,2.8,0.0
Spirituelle Eau de Cologne,Divine,1.6,9.7,5.4,4.5,5.7,5.4,1.0
Black Amber perfume oil,Michele Bergman,0.0,17.3,0.0,9.2,0.0,6.200000000000001,0.0
She Came to Stay Eau de Parfum,Timothy Han Edition Perfumes,10.399999999999999,13.900000000000002,1.4,13.799999999999999,7.800000000000001,0.0,2.0
L'homme de Coeur Eau de Parfum,Divine,1.6,8.0,3.0,4.800000000000001,5.800000000000001,3.2,1.0
L'Homme Sage Eau de Parfum,Divine,0.0,17.8,0.0,10.6,7.3,0.0,0.0
L'Etre Aime - Homme Eau de Parfum,Divine,3.6,8.2,0.0,11.4,10.399999999999999,2.2,0.0
Augusto Eau de Parfum,Mazzolari,10.4,3.6,0.0,8.0,10.399999999999999,1.4,3.0
Le Rose Eau de Parfum,Mazzolari,1.6,2.8,19.6,3.6,5.800000000000001,18.0,2.0
Pichola Eau de Parfum,Neela Vermeire Creations,12.400000000000002,8.2,9.399999999999999,18.0,10.2,5.0,2.2
O/E Eau de Parfum,Bogue Profumo,13.2,6.3,5.2,9.899999999999999,7.0,3.6,3.0
Asphalt Rainbow Scratch & Sniff Sticker Set,Charenton Macerations,0.0,5.6,12.2,1.6,2.0,9.0,0.0
Asphalt Rainbow Eau de Parfum,Charenton Macerations,1.6,5.6,12.2,1.6,2.0,9.0,1.0
Cristallo di Rocca Eau de Parfum,Omnia Profumo,8.4,7.6,10.100000000000001,6.800000000000001,4.800000000000001,10.000000000000002,6.4
Morning Muscs Eau de Parfum,Alexandre. J,3.0,3.0,9.6,0.0,1.3,6.4,0.0
Black Muscs Eau de Parfum,Alexandre. J,11.2,12.0,6.9,4.800000000000001,2.6,5.4,2.2
Rose Oud Eau de Parfum,Alexandre. J,2.0,16.0,7.2,3.4000000000000004,8.6,10.200000000000001,0.0
Silver Ombre Eau de Parfum,Alexandre. J,6.8,21.9,6.6,10.799999999999999,2.9000000000000004,9.8,2.2
Vaniglia Eau de Parfum,Mazzolari,0.0,4.4,1.8,0.0,0.0,6.4,0.0
Nero Eau de Parfum,Mazzolari,1.8,10.8,3.6,4.6,3.5,5.2,2.0
Christopher Street Eau de Parfum,Charenton Macerations,4.9,13.8,3.2,9.0,11.0,4.0,2.4
Rudis Eau de Parfum,Nobile 1942,1.8,20.799999999999997,1.8,7.9,15.1,3.2,2.4
Gardenia Eau de Parfum,M. Micallef,0.0,6.4,11.1,5.2,5.800000000000001,3.6,0.0
Mohur Extrait Parfum Extrait,Neela Vermeire Creations,0.0,17.5,8.4,6.7,9.3,7.0,0.0
Maai Eau de Parfum,Bogue Profumo,0.0,9.0,10.0,5.0,7.1000000000000005,7.6000000000000005,3.4
SHE Shihan Eau de Parfum,Piotr Czarnecki,1.6,12.000000000000002,10.2,4.0,5.5,18.4,3.4
Mood Indigo Eau de Parfum,Moth and Rabbit,3.2,9.0,3.4,5.2,7.7,0.0,0.0
Love Exposure Eau de Parfum,Moth and Rabbit,2.5999999999999996,14.400000000000002,3.6,7.0,9.1,6.800000000000001,1.0
Anubis Eau de Parfum,Papillon Artisan Perfumes,0.0,3.6,3.6,1.8,3.1,3.6,0.0
Tobacco Rose Eau de Parfum,Papillon Artisan Perfumes,0.0,5.0,18.0,6.800000000000001,6.2,21.599999999999998,0.0
Angelique Eau de Parfum,Papillon Artisan Perfumes,1.2,0.0,6.0,1.7,1.6,0.0,0.0
2022 Generation Homme Eau de Parfum,Stephane Humbert Lucas 777,9.2,19.099999999999998,0.0,2.4,10.8,0.0,1.0
Shihan Eau de Parfum,Piotr Czarnecki,0.0,23.1,0.0,17.200000000000003,8.4,1.4,0.0
Black Gemstone Eau de Parfum,Stephane Humbert Lucas 777,8.0,13.200000000000001,0.0,1.7,7.6,0.0,0.0
Oumma Eau de Parfum,Stephane Humbert Lucas 777,0.0,19.400000000000002,10.8,1.2,14.899999999999999,10.8,0.0
Rose de Petra Eau de Parfum,Stephane Humbert Lucas 777,1.2,3.0,26.6,3.0,0.0,25.200000000000003,1.0
Soleil de Jeddah Eau de Parfum,Stephane Humbert Lucas 777,6.0,14.4,7.8,6.0,6.0,6.6000000000000005,1.2
Khol de Bahrein Eau de Parfum,Stephane Humbert Lucas 777,0.0,12.399999999999999,15.3,8.0,1.6,4.800000000000001,0.0
O Hira Eau de Parfum,Stephane Humbert Lucas 777,0.0,19.1,0.0,14.0,0.0,3.0,0.0
Une Nuit a Doha Eau de Parfum,Stephane Humbert Lucas 777,0.0,11.0,0.0,8.0,5.8,6.200000000000001,0.0
Magnolia Grandiflora - Sandrine Eau de Parfum,Grandiflora,13.4,0.0,5.2,2.5999999999999996,0.0,5.1,1.0
Vani Choc Eau de Parfum,Hilde Soliani,11.4,11.900000000000002,0.0,4.8,3.2,7.800000000000001,5.6
Tendre est la Nuit Eau de Parfum,Majda Bekkali,0.0,9.2,0.0,0.0,6.2,2.8,0.0
Monsieur Eau de Parfum,Pierre Guillaume Paris Black Collection,2.2,3.6,1.6,11.5,11.7,0.0,1.0
Ashoka Eau de Parfum,Neela Vermeire Creations,2.0,10.4,13.7,10.8,12.3,12.2,3.6
Cologne Absolute Eau de Parfum,Tom Daxon,11.6,3.2,6.6,1.4,0.0,3.4000000000000004,3.2
Sicilian Wood Eau de Parfum,Tom Daxon,13.6,3.5,7.0,8.4,4.800000000000001,3.6,3.5999999999999996
Resin Sacra Eau de Parfum,Tom Daxon,0.0,4.5,0.0,4.6000000000000005,3.4000000000000004,1.4,0.0
Iridium Eau de Parfum,Tom Daxon,0.0,0.0,3.0,3.3,3.4000000000000004,0.0,0.0
Salvia Sclarea Eau de Parfum,Tom Daxon,4.6000000000000005,1.4,14.8,1.4,1.3,5.4,6.0
Agua Magnoliana Eau de Parfum,Fueguia 1833,2.0,0.0,5.4,1.8,1.6,8.4,3.2
Talc Gourmand Eau de Parfum,Farmacia SS. Annunziata dal 1561,0.0,23.900000000000002,0.0,6.2,3.2,7.800000000000001,0.0
Orgasmo Eau de Parfum,Hilde Soliani,0.0,3.4,0.0,1.2,1.6,1.4,0.0
J'ai Fait Un Reve - Obscur Eau de Parfum,Majda Bekkali,3.0,5.6000000000000005,3.6,3.0999999999999996,3.5,5.2,0.0
J'ai Fait Un Reve - Clair Eau de Parfum,Majda Bekkali,5.6,16.7,6.4,2.9,12.5,5.0,1.0
Fusion Sacree - Clair Eau de Parfum,Majda Bekkali,5.0,13.400000000000002,7.8999999999999995,4.6,5.800000000000001,8.200000000000001,0.0
Fusion Sacree - Obscur Eau de Parfum,Majda Bekkali,3.2,13.600000000000001,3.0,11.2,6.3,7.3999999999999995,0.0
Mon Nom Est Rouge Eau de Parfum,Majda Bekkali,2.0,24.700000000000003,7.2,11.8,12.8,11.0,0.0
Platino,Omnia Profumo,2.4,9.0,3.6,0.0,2.6,8.4,0.0
L'homme infini Eau de Parfum,Divine,0.0,6.8999999999999995,1.6,19.7,12.2,0.0,1.0
Crema di Latte Eau de Parfum,Hilde Soliani,3.0,11.100000000000001,0.0,3.0,0.0,4.6,0.0
Cristina Eau de Parfum,Hilde Soliani,0.0,23.400000000000002,0.0,1.6,3.4,3.2,0.0
Poudre de Riz Eau de Parfum,Pierre Guillaume Paris Black Collection,0.0,7.800000000000001,5.1,4.7,3.2,8.4,0.0
450 Eau de Parfum,Farmacia SS. Annunziata dal 1561,4.8,10.9,5.1,4.2,6.699999999999999,6.800000000000001,4.6
Emir Eau de parfum,M. Micallef,4.8,20.4,0.0,3.3,21.5,1.4,0.0
Bombay Bling Eau de Parfum,Neela Vermeire Creations,0.0,5.300000000000001,13.0,9.0,7.199999999999999,7.0,1.0
Mohur Eau de Parfum,Neela Vermeire Creations,0.0,16.8,9.0,6.4,7.5,12.2,2.4
Trayee Eau de Parfum,Neela Vermeire Creations,0.0,37.400000000000006,10.6,23.1,22.3,12.2,1.0
Myrrhiad Eau de Parfum,Pierre Guillaume Paris Black Collection,0.0,12.600000000000001,1.6,0.0,3.2,1.6,1.0
Oro Eau de Parfum,Omnia Profumo,11.6,10.200000000000001,3.4,3.6,4.7,11.600000000000001,1.0
Conaffetto Eau de Parfum,Hilde Soliani,6.800000000000001,0.0,2.8,1.4,0.0,4.6,2.2
Patchouli Nobile Eau de Parfum,Nobile 1942,2.0,30.800000000000004,1.8,13.8,4.7,1.8,2.2
Estroverso Eau de Parfum,Nobile 1942,9.5,6.0,1.6,4.9,7.800000000000001,0.0,3.4
Ambra Nobile Eau de Parfum,Nobile 1942,8.4,17.6,1.4,12.5,8.4,1.6,2.2
Note Vanillee Eau de Parfum,M. Micallef,0.0,6.2,3.6,8.6,5.2,8.200000000000001,0.0
Beachwood Eau de Parfum,Costamor,12.0,3.4,3.6,5.1,4.5,3.6,1.0
Sugarwood Eau de Parfum,Costamor,3.4000000000000004,6.7,11.8,6.5,6.5,16.8,1.0
Eau Divine Eau de Parfum,Divine,4.800000000000001,14.4,6.0,8.9,3.5,2.2,4.6
Il Vs Iris Eau de Parfum,Hilde Soliani,1.6,0.0,9.4,4.8,3.4000000000000004,3.2,2.0
Acquiiissssima Eau de Parfum,Hilde Soliani,13.099999999999998,0.0,13.600000000000001,0.0,0.0,8.6,6.0
Fraaagola Saalaaata Eau de Parfum,Hilde Soliani,1.6,0.0,0.0,1.4,0.0,4.3,1.0
L'etre Aime - Femme Eau de Parfum,Divine,8.399999999999999,9.3,10.6,9.6,9.0,12.600000000000001,1.2
Ambra Eau de Parfum ...,Omnia Profumo,3.8,26.5,0.0,13.200000000000001,3.0,3.2,1.2
Madera Eau de Parfum,Omnia Profumo,0.0,12.400000000000002,0.0,3.2,4.6,6.200000000000001,0.0
Onice Eau de Parfum ...,Omnia Profumo,14.2,7.7,6.800000000000001,9.5,4.5,7.8999999999999995,6.4
Vaniglia del Madagascar Parfum Concentration,Farmacia SS. Annunziata dal 1561,4.0,25.8,3.6,3.2,2.0,19.4,1.2
Reve en Cuir Eau de Parfum,Indult,10.399999999999999,37.400000000000006,0.0,10.7,25.800000000000004,3.2,1.0
Patchouly Indonesiano Parfum ...,Farmacia SS. Annunziata dal 1561,1.6,11.200000000000001,0.0,1.2,0.0,0.0,1.0
Ambra Nera Parfum ...,Farmacia SS. Annunziata dal 1561,0.0,16.200000000000003,0.0,12.700000000000001,5.2,4.800000000000001,0.0
Chia Eau de Parfum,Farmacia SS. Annunziata dal 1561,2.0,9.2,5.4,1.6,2.6,11.6,1.2
Cara Eau de Parfum,Farmacia SS. Annunziata dal 1561,1.2,18.0,0.0,3.2,0.0,12.399999999999999,0.0
Takis Eau de Parfum,Farmacia SS. Annunziata dal 1561,4.0,8.5,3.6,4.0,2.6,8.200000000000001,1.0
Perla Eau de Toilette,Farmacia SS. Annunziata dal 1561,6.0,8.600000000000001,1.8,1.6,0.0,9.500000000000002,1.2
Royal Muska Eau de Parfum,M. Micallef,0.0,1.4,1.8,0.0,1.3,4.0,0.0
Vanille Oud Eau de Parfum,M. Micallef,1.8,21.2,0.0,0.0,6.999999999999999,9.600000000000001,0.0
Gaiac Eau de Parfum,M. Micallef,5.2,9.4,3.6,6.200000000000001,5.2,8.200000000000001,1.0
Homme (Aoud) Eau de Parfum,M. Micallef,0.0,7.1,1.8,9.5,5.1,3.2,0.0
Avant Garde Eau de Parfum,M. Micallef,5.2,19.2,0.0,8.4,13.2,1.4,1.0
Manakara Eau de Parfum,Indult,3.0,1.8,9.0,0.0,0.0,14.7,1.2
Isvaraya Eau de Parfum,Indult,1.2,11.8,5.4,1.4,1.5,6.800000000000001,0.0
L'Inspiratrice Eau de Parfum,Divine,1.8,13.0,3.5,4.4,3.6,8.0,0.0
All That Matters Eau de Parfum,Anamor,1.2,7.0,3.4,3.6,9.7,0.0,0.0
Mazzolari Eau de Toilette,Mazzolari,4.0,0.0,3.2,10.3,10.2,0.0,4.4
Lui Eau de Toilette,Mazzolari,0.0,10.2,0.0,10.1,11.7,0.0,0.0
Alessandro Eau de Toilette,Mazzolari,0.0,4.4,0.0,5.3999999999999995,0.0,7.6000000000000005,0.0
Musk Eau de Toilette,Mazzolari,2.4,8.6,0.0,3.2,7.1000000000000005,2.8,1.0
Patchouli Eau de Toilette,Mazzolari,1.2,10.4,0.0,6.0,0.0,1.4,0.0
L'ame Soeur Eau de Parfum,Divine,0.0,3.2,5.4,0.0,0.0,5.4,0.0
Douceur de Vanille Eau de Parfum,Les Nereides,0.0,10.100000000000001,3.6,1.2,0.0,10.0,0.0
Opoponax Eau de Parfum,Les Nereides,2.0,9.700000000000001,0.0,8.0,3.2,6.0,1.2
Patchouli Precieux Eau de Parfum,Les Nereides,0.0,12.0,1.6,1.8,4.2,4.6,2.0
Black Gardenia Perfume Oil,Michele Bergman,1.6,0.0,6.3,0.0,0.0,1.8,1.0
Divine Eau de Parfum,Divine,1.6,12.400000000000002,4.8,6.0,7.800000000000001,5.0,1.0
L'Infante Eau de Parfum,Divine,1.2,13.7,8.8,1.2,2.6,14.600000000000001,0.0
Molecule 05 Eau de Toilette,Escentric Molecules,0.0,1.6,0.0,1.2,1.2,2.9,0.0
Escentric 05 Eau de Toilette,Escentric Molecules,6.4,9.3,4.699999999999999,6.6,3.0,3.2,2.0
Explicite Eau de Parfum,Ex Nihilo,0.0,11.9,8.6,9.9,3.2,8.2,0.0
Triad Extrait de Parfum,Bortnikoff,0.0,27.800000000000004,7.2,0.0,20.9,10.0,0.0
Arborist Eau de Parfum,Jorum Studio,0.0,4.800000000000001,4.9,1.4,0.0,1.8,1.0
Eau Capitale Eau de Parfum,Diptyque,8.8,6.4,16.000000000000004,0.0,0.0,14.400000000000002,4.2
Fougere L'Aube Eau de Toilette,Rogue Perfumery,8.6,5.0,9.600000000000001,4.6000000000000005,8.5,1.8,5.2
Medie Eau de Parfum,Cire Trudon,7.8,4.0,5.0,3.4000000000000004,5.699999999999999,1.8,5.6
Borneo Oud Pure Oud Oil,Fragrance du Bois,0.0,22.0,1.6,0.0,19.0,0.0,2.6
Chypre Azural Eau de Parfum,Les Indemodables,5.2,6.4,3.6,0.0,2.4,3.6,3.2
L'Eau des Sacres,Reims Parfums,4.800000000000001,16.299999999999997,6.1,10.2,6.8,1.8,1.0
Awake Eau de Parfum,Akro,2.0,15.0,3.2,4.6,1.8,2.8,2.0
B683 Eau de Parfum,Marc-Antoine Barrois,0.0,15.4,1.5,5.9,8.9,0.0,0.0
Ramune (Japanese Soda) Eau de Parfum,J-Scent,8.2,9.2,8.6,3.4000000000000004,4.2,9.700000000000001,1.0
Fille en Aiguilles Eau de Parfum,Serge Lutens,0.0,3.6,1.6,4.800000000000001,7.8999999999999995,2.9,1.0
Purple Haze Eau de Parfum,19-69,3.4000000000000004,10.600000000000001,1.5,2.5999999999999996,2.5,3.2,1.0
Peau de Peche Eau de Parfum,Keiko Mecheri,1.6,2.0,0.0,5.2,3.2,1.6,1.0
Lost Cherry Eau de Parfum,TOM FORD Private Blend,0.0,7.2,5.4,6.699999999999999,5.0,8.2,0.0
Over the Chocolate Shop Eau de Parfum,4160 Tuesdays,0.0,21.4,0.0,0.0,0.0,3.2,0.0
Eleventh Hour Eau de Parfum,BYREDO,5.4,9.3,0.0,5.8,3.2,2.8,2.2
Sabbia Bianca Eau de Parfum,Profumum,0.0,0.0,12.6,1.8,1.8,3.6,0.0
Sundrunk Eau de Parfum,Imaginary Authors,5.6,2.6,1.8,2.4,0.0,1.8,3.2
The Time Eau de Parfum,The House Of Oud,13.3,15.4,7.9,3.3,10.700000000000001,0.0,6.0
Vanilla Cake Eau de Parfum,Montale,0.0,15.0,0.0,2.4,0.0,9.2,0.0
Freeway Eau de Parfum,4160 Tuesdays,20.2,4.4,16.2,7.6,4.0,9.600000000000001,2.2
20 Mars 2022 Eau de Parfum,Rundholz Parfums,0.0,26.800000000000004,7.1000000000000005,6.8,9.3,8.600000000000001,0.0
Une Amourette Roland Mouret Eau de Parfum,Etat Libre d'Orange,0.0,4.4,9.6,0.0,0.0,6.800000000000001,0.0
Le Cri De La Lumiere Eau de Parfum,Parfum d'Empire,3.4,0.0,16.3,0.0,0.0,7.2,3.6
Wulong Cha Extrait de Parfum,Nishane,10.2,7.6,1.6,4.8,4.4,2.9,4.2
Lily Eau de Toilette,Comme des Garcons: Olfactory Library,1.6,0.0,25.6,0.0,0.0,9.0,5.0
1969 Travel Spray Eau de Parfum,Histoires de Parfums,0.0,11.3,1.8,3.1,1.3,3.4000000000000004,0.0
Guimauve de Noel Eau de Parfum,Parle Moi de Parfum,5.6,2.2,1.4,0.0,0.0,1.6,0.0
Roaring Radcliff Eau de Parfum,Penhaligons,0.0,1.8,0.0,4.0,4.0,2.8,0.0
Willows Eau de Parfum,Regime des Fleurs,1.2,1.8,3.0,0.0,0.0,3.0,0.0
Baraonda Extrait de Parfum,Nasomatto,1.2,5.0,0.0,2.8,0.0,0.0,0.0
Don't Cry For Me Eau de Parfum,ALTAIA,0.0,5.800000000000001,6.800000000000001,4.0,0.0,6.800000000000001,0.0
Ilm Parfum,Kemi,0.0,17.6,0.0,0.0,13.299999999999999,0.0,0.0
Vetiver Moloko Eau de Parfum,Ex Nihilo,3.6,4.4,3.6,11.000000000000002,10.8,6.800000000000001,0.0
Fleur Narcotique Eau de Parfum,Ex Nihilo,10.8,2.8,11.600000000000001,0.0,2.6,10.100000000000001,1.0
Royal Mayfair Eau de Parfum,Creed,1.5,0.0,0.0,1.7,1.6,0.0,0.0
JF Eau de Toilette,Floris London,10.6,5.4,3.0,3.2,4.7,0.0,1.0
Morn To Dusk Eau de Parfum,Eau d'Italie,6.4,7.2,5.0,0.0,2.6,4.6,2.0
Marrakech Intense Eau de Toilette,Aesop,3.4000000000000004,3.1,5.4,8.4,5.0,5.4,1.0
Moon Bloom Eau de Parfum,Hiram Green Perfumes,0.0,0.0,20.1,0.0,0.0,3.6,3.0
Relique d'Amour Eau de Parfum,Oriza L. Legrand,4.4,5.4,5.1,3.2,6.1,5.0,3.0
Palermo Eau de Parfum,BYREDO,17.7,5.7,5.4,2.8,5.4,7.0,7.0
Sorriso Eau de Parfum,Profumum,1.6,14.2,0.0,0.0,0.0,3.0,1.0
Tam Dao - Eau de Parfum,Diptyque,3.0,4.2,0.0,8.8,6.6000000000000005,1.6,0.0
Eau Duelle - Eau de Parfum,Diptyque,0.0,20.700000000000003,0.0,3.1,3.5,9.600000000000001,0.0
Korrigan Eau de Parfum,Lubin,0.0,7.199999999999999,0.0,3.3,8.700000000000001,2.8,2.0
Bois d'Ascese Eau de Parfum,Naomi Goodsir,1.2,15.2,0.0,9.2,13.2,0.0,0.0
Philosykos - Eau de Parfum,Diptyque,0.0,0.0,3.2,2.9,1.6,1.4,2.0
1969 Eau de Parfum,Histoires de Parfums,0.0,11.3,1.8,3.1,1.3,3.4000000000000004,0.0
Jardin du Poete Eau de Toilette,Eau d'Italie,9.4,4.2,20.000000000000004,2.7,2.5,11.8,5.4
Eau Duelle - Eau de Toilette,Diptyque,2.8,22.599999999999998,0.0,7.800000000000001,7.5,12.600000000000001,1.0
Tilda Swinton Like This Eau de Parfum,Etat Libre d'Orange,2.8,5.7,5.2,6.000000000000001,7.800000000000001,3.6,2.0
Nio Eau de Parfum,Xerjoff,9.600000000000001,9.5,6.200000000000001,20.199999999999996,12.0,0.0,5.0
Philosykos - Eau de Toilette,Diptyque,0.0,0.0,3.2,2.9,1.6,1.4,2.0
Jubilation XXV Eau de Parfum,Amouage,0.0,17.1,3.6,7.6000000000000005,4.7,8.0,1.0
L'Air du desert marocain Eau de Toilette ...,Tauer Perfumes,3.8,5.2,3.6,10.6,6.800000000000001,3.6,2.4
Flaming Dandelion Eau de Parfum,Rook Perfumes,0.0,4.2,0.0,3.2,3.4000000000000004,3.2,0.0
Petra Eau de Parfum,Masque Milano,1.8,7.199999999999999,3.6,0.0,3.5,5.1,0.0
Amber Aquilaria Parfum,Electimuss,3.6,19.3,1.8,9.6,5.1,5.0,0.0
Rhodanthe Eau de Parfum,Electimuss,3.8,22.700000000000003,8.7,9.2,9.0,12.0,0.0
Trajan Eau de Parfum,Electimuss,13.0,6.5,0.0,9.399999999999999,7.6000000000000005,1.4,8.0
Black Caviar Eau de Parfum,Electimuss,6.0,3.2,0.0,3.2,4.8,3.0,1.0
Capua Eau de Parfum,Electimuss,0.0,12.8,0.0,7.9,8.0,1.4,0.0
Vixere Eau de Parfum,Electimuss,8.799999999999999,16.200000000000003,9.5,3.4000000000000004,4.2,9.8,2.2
Octavian Parfum,Electimuss,0.0,10.600000000000001,5.4,1.6,7.199999999999999,5.4,0.0
Phtaloblue Eau de Parfum,Tauer Perfumes,26.4,16.3,4.6,7.9,4.6000000000000005,7.6,3.2
Kira Kira Eau de Parfum,Strangers Parfumerie,6.800000000000001,4.199999999999999,8.3,1.8,5.5,3.0,4.0
Iridescent Sky Eau de Parfum,Strangers Parfumerie,6.800000000000001,6.4,3.6,4.6,9.4,6.4,2.2
Magenta Pop Eau de Parfum,Strangers Parfumerie,1.0,11.0,1.8,10.5,7.6,6.1,0.0
Eternal Summer Eau de Parfum,Strangers Parfumerie,11.0,0.0,13.200000000000001,6.4,5.2,5.1,8.2
Comme Un Carrousel Eau de Parfum,Strangers Parfumerie,0.0,9.4,1.8,12.0,4.0,3.4000000000000004,0.0
Haxan Eau de Parfum,Parfum Prissana,1.2,19.5,9.5,24.200000000000003,24.799999999999997,5.2,0.0
Vivacious Eau de Parfum,Hiram Green Perfumes,3.6,5.3,7.9,4.4,0.0,3.4000000000000004,1.0
Papelato Eau de Parfum,Mad et Len,0.0,4.8,0.0,0.0,4.1,0.0,0.0
Lili Laa Eau de Parfum,Mad et Len,3.2,4.0,8.0,3.2,0.0,1.8,0.0
Mamok Eau de Parfum,Mad et Len,0.0,0.0,0.0,2.8,0.0,0.0,0.0
Aurora Eau de Parfum,Electimuss,1.6,22.5,9.0,12.6,13.299999999999999,9.0,1.0
Auster Eau de Parfum,Electimuss,10.799999999999999,8.0,0.0,6.4,3.2,2.8,2.2
Jupiter Eau de Parfum,Electimuss,0.0,26.400000000000006,0.0,11.700000000000001,20.900000000000002,3.0,0.0
Sir Winston Attar Perfume Oil,Bortnikoff,0.0,8.0,5.1,4.0,7.8,3.6,1.0
Mysterious Oud Attar Perfume Oil,Bortnikoff,1.2,8.4,3.6,0.0,5.699999999999999,8.0,1.0
Gheorghe Eau de Parfum,Strangers Parfumerie,0.0,8.799999999999999,3.1,8.4,3.6,1.6,1.0
Scotch Peat Eau de Parfum,Strangers Parfumerie,0.0,13.8,0.0,7.3,6.4,2.9,1.6
Eau De Parfum Eau de Parfum,Alguien,10.8,8.7,0.0,13.3,9.7,1.4,1.2
Tuberose & Moss Eau de Toilette,Rogue Perfumery,2.0,12.200000000000001,18.700000000000003,3.3,4.5,11.200000000000001,2.2
Lipstick Fever Eau de Parfum,Juliette Has a Gun,0.0,9.600000000000001,7.8,1.8,3.8,12.4,0.0
La Surprise Eau de Parfum,Parfums MDCI,0.0,2.8,12.0,4.5,1.8,13.200000000000001,3.0
L'Aimee Eau de Parfum,Parfums MDCI,6.199999999999999,12.5,5.3,7.8999999999999995,6.3,8.200000000000001,1.2
Siberian Rose Eau de Parfum,Fragrance du Bois,0.0,14.8,15.6,6.800000000000001,4.0,14.1,0.0
Milano Eau de Parfum,Fragrance du Bois,7.199999999999999,15.2,3.6,6.800000000000001,11.399999999999999,9.8,2.2
Bohemian Lime Parfum Concentrate,Goldfield & Banks,22.8,0.0,0.0,8.5,11.8,2.9,4.4
Cielito Lindo Extrait de Parfum,Rasei Fort,0.0,7.3999999999999995,1.8,6.4,3.4000000000000004,3.4000000000000004,0.0
Pure Oud Pure Oud Oil,Fragrance du Bois,0.0,19.8,0.0,0.0,17.099999999999998,0.0,1.6
Coup de Foudre Eau de Parfum,Bortnikoff,17.099999999999998,17.000000000000004,17.0,7.2,5.1,16.4,4.2
Vesna Cologne Eau de Parfum,Bortnikoff,10.2,1.8,0.0,4.800000000000001,1.8,2.8,3.2
Moss Cologne Eau de Parfum,Bortnikoff,11.2,11.899999999999999,6.699999999999999,6.300000000000001,3.2,6.6,4.4
Golden Dallah Eau de Parfum,Xerjoff,2.6,24.0,3.6,1.6,5.3,3.6,1.0
Couleur Vanille Eau de Parfum,L'Artisan Parfumeur,6.800000000000001,15.000000000000002,0.0,0.0,0.0,11.000000000000002,3.0
Bat Extrait de Parfum,Zoologist,0.0,5.4,3.6,1.6,6.6,5.0,0.0
Sloth Extrait de Parfum,Zoologist,0.0,7.3,8.3,0.0,1.5,5.2,2.0
Keman Parfum,Di Ser,7.4,6.2,7.2,1.2,2.4,7.2,1.0
Fleurs des Iles Eau de Parfum,Coqui Coqui,0.0,0.0,1.8,0.0,0.0,1.8,0.0
9mm Eau de Parfum,Ballistic Therapy,3.8,11.700000000000001,1.8,7.7,8.9,1.8,1.2
Sayat Nova Extrait de Parfum,Bortnikoff,0.0,12.8,1.8,1.6,7.6,6.300000000000001,0.0
Accento Overdose Eau de Parfum,Xerjoff,2.0,5.2,12.0,4.6000000000000005,1.8,17.5,4.2
Oud Stars - Alexandria III Parfum,Xerjoff,0.0,17.3,8.8,11.5,11.8,7.0,0.0
Atlante Extrait de Parfum,Sarah Baker,5.2,1.6,1.7,1.7,1.6,0.0,2.0
Charade Extrait de Parfum,Sarah Baker,0.0,5.6,1.5,6.4,5.4,0.0,0.0
Greek Keys Extrait de Parfum,Sarah Baker,5.4,0.0,1.8,3.3,3.4000000000000004,1.8,1.0
Jungle Jezebel Extrait de Parfum,Sarah Baker,0.0,6.0,3.3,5.0,3.4000000000000004,3.4000000000000004,0.0
Lace Extrait de Parfum,Sarah Baker,0.0,3.6,1.8,1.7,2.9000000000000004,3.4000000000000004,0.0
Leopard Extrait de Parfum,Sarah Baker,0.0,6.1,4.8,4.9,4.7,1.8,0.0
Rules of Attraction Extrait de Parfum,Sarah Baker,3.2,5.6,8.1,1.8,5.1,5.2,0.0
Tartan Extrait de Parfum,Sarah Baker,0.0,3.6,0.0,7.1,8.8,0.0,0.0
Proxima Eau de Parfum,Centauri Perfumes,8.8,1.4,6.9,0.0,2.5,5.4,2.0
New York Intense Eau de Parfum,Fragrance du Bois,2.0,21.8,3.6,11.2,9.1,5.2,1.2
New York 5th Avenue Eau de Parfum,Fragrance du Bois,3.6,8.200000000000001,8.7,0.0,1.3,11.8,0.0
Velvet Amber,Fragrance du Bois,11.2,28.200000000000003,3.6,14.8,15.4,6.800000000000001,2.2
Cannabis Blue Eau de Parfum,Fragrance du Bois,3.6,15.2,1.4,5.7,3.8,0.0,0.0
Cannabis Intense Eau de Parfum,Fragrance du Bois,2.0,13.2,1.6,13.0,13.200000000000001,1.4,2.2
Ishtar Eau de Toilette,Rogue Perfumery,3.2,7.199999999999999,3.4,3.6,8.7,2.8,2.0
Jasmin Antique Eau de Toilette,Rogue Perfumery,0.0,6.800000000000001,10.8,3.2,2.9000000000000004,13.9,0.0
Flos Mortis Eau de Toilette,Rogue Perfumery,1.6,7.4,15.0,0.0,7.3,10.4,1.0
Crystal Pistil Eau de Parfum,D.S. and Durga,11.0,0.0,8.0,0.0,0.0,3.6,1.0
Oud Du Bois Attar / Perfume Oil,Fragrance du Bois,6.0,22.200000000000003,0.0,8.4,20.900000000000002,0.0,3.5999999999999996
Areej Attar / Perfume Oil,Fragrance du Bois,3.6,8.8,6.6,7.2,11.0,8.200000000000001,0.0
Sedley Eau de Parfum,Parfums de Marly,14.399999999999999,2.9000000000000004,0.0,6.3,9.600000000000001,0.0,1.2
Tigerlust Pure Parfum,Ensar Oud,2.0,22.7,3.6,5.6,24.9,5.0,1.2
Naga Layyen Organic Oud Pure Oud,Ensar Oud,0.0,9.4,1.6,14.099999999999998,15.399999999999999,1.4,1.0
People's Kampot Organic Oud Pure Oud,Ensar Oud,0.0,13.2,0.0,4.0,13.5,1.5,0.0
Oud Dhul Kifl Organic Oud Pure Oud,Ensar Oud,1.0,22.6,0.0,10.6,24.099999999999998,4.6,0.0
Satori Fusho Organic Oud,Ensar Oud,3.0,10.600000000000001,4.800000000000001,0.0,8.7,0.0,3.0
Bois de Borneo Oud,Ensar Oud,0.0,10.600000000000001,0.0,2.5999999999999996,5.699999999999999,0.0,1.6
American Oud,Ensar Oud,0.0,20.4,1.6,0.0,15.1,0.0,1.0
Santal d'Assam Perfume oil,Ensar Oud,4.0,5.2,3.6,8.6,12.8,3.6,2.4
Bliss du Boche Oud Pure Oud,Ensar Oud,0.0,17.6,6.6,0.0,11.399999999999999,9.6,0.0
Sultan Musk Attar Perfume Oil,Ensar Oud,3.6,9.4,9.0,1.6,8.7,9.0,0.0
Namasoma Organic Oud Pure Oud,Ensar Oud,0.0,11.0,3.6,0.0,9.5,9.399999999999999,0.0
Spicematic Eau de Parfum,"Pierre Guillaume Paris, Parfumerie Generale",10.0,7.1,1.6,6.5,9.0,0.0,2.0
Meet Me On The Corner Eau de Parfum,4160 Tuesdays,11.6,3.2,1.5,1.8,1.6,1.4,2.4
Aseel Attar / Perfume Oil,Fragrance du Bois,8.4,20.7,0.0,10.8,13.399999999999999,0.0,3.0
Arabesque Attar / Perfume Oil,Fragrance du Bois,5.6,16.3,3.6,9.5,11.2,6.6,3.4
Mutheer Attar / Perfume Oil,Fragrance du Bois,5.4,11.2,10.4,5.0,8.2,12.3,3.2
Rose Du Bois Attar / Perfume Oil,Fragrance du Bois,1.6,7.0,12.600000000000001,6.2,0.0,14.200000000000001,1.0
Aran Parfum,PRIN,0.0,12.3,5.0,9.5,12.799999999999999,1.8,2.0
Anatolia Parfum,PRIN,0.0,22.800000000000004,0.0,11.0,14.1,1.4,0.0
Mandodari Parfum,PRIN,2.9000000000000004,5.2,7.8,5.8,5.6,3.2,1.0
Mriga Parfum,PRIN,3.0,13.6,3.6,5.2,16.0,6.6,0.0
Vetiver Nocturne Absolu Extrait de Parfum,Bortnikoff,2.8,8.4,3.4000000000000004,29.399999999999995,28.0,4.6,1.0
Oud Sinharaja Extrait de Parfum,Bortnikoff,13.199999999999998,23.8,7.2,6.4,18.4,7.2,2.2
Black Ambergris Parfum Extrait,Anonim,0.0,22.200000000000003,0.0,0.0,3.0,0.0,0.0
Silver Ambergris Parfum Extrait,Anonim,0.0,5.8,1.6,1.2,0.0,0.0,1.0
Golden Ambergris Parfum Extrait,Anonim,0.0,10.4,0.0,1.8,5.6,0.0,0.0
Medullary-ray Eau de Parfum,Jorum Studio,1.6,3.1,1.8,7.8,6.6,1.8,1.0
Carduus Eau de Parfum,Jorum Studio,0.0,7.6,6.1,7.4,4.8,3.2,0.0
Trimerous Eau de Parfum,Jorum Studio,1.8,9.4,3.1,0.0,5.9,1.6,0.0
Phloem Eau de Parfum,Jorum Studio,0.0,1.8,0.0,0.0,0.0,1.4,0.0
Nectary Eau de Parfum,Jorum Studio,0.0,6.800000000000001,5.4,0.0,3.2,5.4,0.0
Salam Eau de Parfum,ANFAS,5.6,8.1,3.6,8.0,5.800000000000001,8.0,1.2
Allegretto 7.2 Eau de Parfum,Berceuse Parfum,6.800000000000001,5.7,1.6,10.8,13.400000000000002,3.2,3.0
Peregrina Extrait de Parfum,Thameen,0.0,14.5,10.100000000000001,6.000000000000001,3.8,11.400000000000002,0.0
Cigar Rum Eau de Parfum,Strangers Parfumerie,1.2,6.5,0.0,14.999999999999998,9.8,0.0,0.0
Peau d'Ambre Eau de Parfum,"Pierre Guillaume Paris, Parfumerie Generale",0.0,16.3,0.0,4.4,6.0,1.4,0.0
L'Eau A La Rose Eau de Toilette,Maison Francis Kurkdjian,0.0,2.8,23.0,0.0,2.6,21.400000000000002,0.0
Rose Prick Eau de Parfum,TOM FORD Private Blend,0.0,5.0,16.2,1.6,1.6,16.2,0.0
20 20 Eau de Parfum,J.F. Schwarzlose,0.0,7.2,5.4,5.0,1.8,5.4,0.0
Angelys Pear Eau de Toilette,PARFUMS DE NICOLAI,5.0,3.0,7.2,0.0,1.3,8.6,0.0
Ligno Extrait de Parfum,Jeroboam,1.8,11.0,1.8,6.6000000000000005,1.8,1.8,0.0
Unnamed Eau de Parfum,BYREDO,1.2,0.0,1.5,0.0,0.0,0.0,0.0
Hongkong Oolong Eau de Parfum,NEZ,0.0,15.6,7.0,11.6,8.0,9.8,1.0
Salted Green Mango Eau de Parfum,Strangers Parfumerie,3.3,0.0,17.6,6.2,5.2,1.4,11.0
SM Cafe Eau de Parfum,Strangers Parfumerie,1.6,21.8,1.8,5.4,11.0,3.2,1.0
Aroon Sawat Eau de Parfum,Strangers Parfumerie,3.8,14.3,4.8,8.2,9.5,3.4000000000000004,1.2
Burning Ben Eau de Parfum,Strangers Parfumerie,0.0,20.5,0.0,5.2,13.8,2.8,0.0
Cigar Rum Intense Extrait de Parfum,Strangers Parfumerie,2.2,15.6,1.8,12.799999999999999,13.3,1.8,0.0
Oliver Eau de Parfum,Strangers Parfumerie,10.0,10.100000000000001,6.300000000000001,9.0,11.8,1.8,6.0
Lumberjack Cologne Eau de Parfum,Strangers Parfumerie,12.399999999999999,3.3,1.4,6.1000000000000005,6.6000000000000005,0.0,5.4
Sangre Dulce Eau de Parfum,Strangers Parfumerie,1.0,7.0,1.8,9.799999999999999,4.0,7.3999999999999995,0.0
Mandarava Extrait de Parfum,Parfum Prissana,0.0,18.700000000000003,13.8,6.6,11.6,13.8,1.0
Ma Nishtana Extrait de Parfum,Parfum Prissana,0.0,28.6,1.8,11.0,15.799999999999999,1.8,0.0
Thichila Eau de Parfum,Parfum Prissana,3.0,20.3,17.1,9.700000000000001,15.9,12.600000000000001,0.0
Mohragot Eau de Parfum,Parfum Prissana,1.5,9.8,11.200000000000001,10.200000000000001,15.3,4.6,4.0
Tiwa Eau de Parfum,Parfum Prissana,17.400000000000002,1.6,6.200000000000001,4.800000000000001,6.2,1.8,8.8
Tom Yum Eau de Parfum,Parfum Prissana,9.8,3.4000000000000004,6.4,0.0,0.0,6.4,1.2
Natsumeku Eau de Parfum,Parfum Prissana,21.3,0.0,5.0,0.0,0.0,1.8,6.6
Maruyama Eau de Parfum,Parfum Prissana,0.0,5.7,5.999999999999999,6.800000000000001,8.1,1.8,0.0
If by RK Eau de Parfum,Frapin,1.8,11.600000000000001,0.0,7.2,5.4,0.0,3.2
Musc Moschus Eau De Parfum,Rania J.,3.4000000000000004,14.0,3.0,6.0,9.7,7.5,1.0
War and Peace II Extrait de Parfum,Areej Le Dore,1.2,40.5,9.0,8.4,14.6,12.0,0.0
Ummo Eau de Parfum,Xinu,1.6,4.9,7.0,18.9,19.200000000000003,6.800000000000001,2.0
What About Pop Eau de Parfum,The House Of Oud,0.0,11.8,0.0,1.6,1.9,4.4,0.0
Dendera Extrait de Parfum,Centauri Perfumes,0.0,25.500000000000004,1.8,18.0,11.8,6.4,0.0
Gaea Eau de Parfum,Centauri Perfumes,0.0,9.2,13.000000000000002,8.0,2.6,5.4,2.0
Mile High Eau de Parfum,Parle Moi de Parfum,1.6,10.2,0.0,3.0,1.6,2.8,5.8
Milano Cento Deodorant Stick,Milano Cento,9.2,16.700000000000003,1.6,14.8,7.9,0.0,2.0
Telegrama Eau de Parfum,Imaginary Authors,4.4,5.7,0.0,1.2,4.4,4.800000000000001,3.0
Koiame Eau de Parfum,J-Scent,4.8,1.4,9.9,1.7,2.9000000000000004,3.6,1.0
Hakka Eau de Parfum,J-Scent,8.2,4.8,9.9,3.3,4.2,5.0,3.0
Wood Flake Eau de Parfum,J-Scent,0.0,3.6,1.8,5.1,6.3,4.800000000000001,0.0
Divine Vanille Eau de Parfum,Essential Parfums,0.0,35.300000000000004,0.0,15.1,9.8,17.5,0.0
Acqua di Scandola Eau de Parfum,Parfum d'Empire,14.4,0.0,0.0,0.0,0.0,1.4,2.4
Bee Extrait de Parfum,Zoologist,0.0,9.6,1.8,15.399999999999999,6.5,3.4000000000000004,0.0
Majaina Sin Eau de Parfum,The Different Company,4.800000000000001,19.400000000000002,3.2,9.4,2.9000000000000004,12.4,0.0
Mxxx. Extrait de Parfum,ERIS Parfums,2.0,13.6,4.800000000000001,6.6,6.4,3.0,3.0
Meraki Eau de Parfum,Fort & Manle,1.8,4.6,5.4,3.2,2.9000000000000004,5.4,0.0
Lust in Paradise X Reine Paradis Eau de Parfum,Ex Nihilo,0.0,8.200000000000001,5.0,7.0,6.7,4.7,0.0
Copper Eau de Parfum,Comme des Garcons,0.0,9.0,7.6,8.0,4.0,4.6,1.0
Gold Extrait de Parfum,Puredistance,1.8,17.700000000000003,6.6000000000000005,9.6,3.0,6.4,3.0
Atlas Fever Eau de Parfum,Ex Nihilo,0.0,15.4,0.0,13.8,14.8,3.2,0.0
Re-Charge Black Pepper Deodorant Stick,Molton Brown,2.0,1.6,1.5,4.4,3.6,0.0,0.0
Hedonist Absolute Eau de Parfum,Viktoria Minya,0.0,8.2,3.6,9.2,8.0,9.600000000000001,2.4
Hedonist Iris Absolute Eau de Parfum,Viktoria Minya,1.2,12.4,9.3,1.6,6.0,5.0,0.0
Hedonist Rose Absolute Eau de Parfum,Viktoria Minya,0.0,10.200000000000001,9.0,5.2,9.0,9.0,0.0
Patchouli in Perfumery Magazine,NEZ,0.0,7.4,0.0,6.0,3.6,0.0,0.0
Le Pavillon d'Or Eau de Parfum,Dusita,7.6000000000000005,3.1,3.0,7.4,4.4,2.8,2.0
Les Annees 25 Bis Eau de Parfum,Tauer Perfumes,11.2,8.600000000000001,6.6,4.800000000000001,3.4000000000000004,6.6,4.6
Odeur Du Theatre Du Chatelet Acte 1 Eau de Toilette,Comme des Garcons,3.2,6.1,6.4,2.9,2.9000000000000004,3.6,0.0
Zdravetz Eau de Parfum,Bruno Fazzolari,10.600000000000001,4.2,8.2,3.5,6.6000000000000005,5.2,4.2
Corpse Reviver Eau de Parfum,Bruno Fazzolari,0.0,10.9,0.0,4.6,1.2,1.6,0.0
Elysium Parfum Cologne,Roja Parfums,21.299999999999997,8.7,3.3,9.6,10.0,3.4000000000000004,3.4
Creation-E Parfum Cologne,Roja Parfums,4.4,14.0,5.4,14.1,13.2,8.600000000000001,0.0
Danger Parfum Cologne,Roja Parfums,5.6,21.5,6.1,5.8,12.600000000000001,1.6,0.0
Scandal Parfum Cologne,Roja Parfums,3.8,17.6,9.399999999999999,8.0,10.900000000000002,1.8,1.0
Vetiver Parfum Cologne,Roja Parfums,5.8,3.1,3.3,17.6,17.8,1.8,1.2
La Capitale Parfum,Xerjoff,0.0,15.600000000000001,5.4,3.2,4.0,13.000000000000002,0.0
SpeM PetraM Eau de Parfum,Olivier Durbano,0.0,11.700000000000001,3.6,7.8999999999999995,5.6000000000000005,3.6,0.0
Oud Maximus Autumn 19 Extrait de Parfum,Bortnikoff,1.8,45.1,12.6,3.1,33.0,15.6,0.0
Vetiver Nocturne Autumn 19 Extrait de Parfum,Bortnikoff,3.2,7.5,8.8,20.1,23.8,7.2,1.0
Love Mimosa Eau de Parfum,Amouage,0.0,0.0,3.0,1.4,0.0,5.2,0.0
Female Christ Eau de Parfum,19-69,1.6,21.500000000000004,0.0,4.4,0.0,4.6,1.0
Atomic Rose Eau de Parfum,Initio Parfums,3.6,4.4,18.0,0.0,0.0,24.799999999999997,2.4
Mizunara Eau de Parfum,Parfum Satori,6.6000000000000005,8.4,7.699999999999999,6.000000000000001,1.6,1.4,3.0
Fall Into Stars Eau de Parfum,Strangelove NYC,6.4,11.6,1.8,3.2,3.8,1.8,1.0
Chypre-Siam Eau de Toilette,Rogue Perfumery,9.7,12.100000000000001,3.6,3.0,7.6,6.800000000000001,2.6
Tabac Vert Eau de Toilette,Rogue Perfumery,1.8,6.0,8.8,22.400000000000002,19.2,10.200000000000001,1.0
Mousse Illuminee Eau de Toilette,Rogue Perfumery,0.0,6.8,6.6000000000000005,3.4,8.0,3.4000000000000004,3.0
40 Rogue Eau de Toilette,Rogue Perfumery,4.0,5.6,1.8,0.0,6.4,3.3,1.2
Derviche Eau de Toilette,Rogue Perfumery,3.8,16.599999999999998,3.4000000000000004,13.2,12.9,9.4,2.2
Radish x Vetiver Eau de Parfum,Comme des Garcons: Clash,1.6,1.6,1.6,11.0,12.8,1.4,2.0
Chlorophyll x Gardenia Eau de Parfum,Comme des Garcons: Clash,2.8,0.0,11.1,0.0,0.0,5.800000000000001,3.4
Celluloid x Galbanum Eau de Parfum,Comme des Garcons: Clash,1.6,1.6,12.2,0.0,0.0,0.0,4.0
Soleil Neige Eau de Parfum,TOM FORD Private Blend,9.2,9.0,15.6,1.4,1.3,17.400000000000002,2.0
Wonder Of You Eau de Parfum,ALTAIA,6.8,2.8,0.0,0.0,2.6,0.0,2.2
Riviera Drive Eau de Parfum,Atelier des Ors,9.2,4.6,0.0,5.2,6.3,0.0,3.2
Pomelo Riviera Eau de Parfum,Atelier des Ors,12.799999999999999,0.0,12.200000000000001,0.0,0.0,10.8,4.8
Riviera Lazuli Eau de Parfum,Atelier des Ors,7.8,10.5,0.0,4.5,8.899999999999999,0.0,2.4
Yoyogi Eau de Toilette,Comme des Garcons x Monocle,0.0,1.8,3.2,0.0,1.2,1.4,2.0
Chloe Sevigny Little Flower Eau de Parfum,Regime des Fleurs,3.2,4.6,10.6,0.0,3.8,11.8,3.0
Baie 19 Eau de Parfum,Le Labo,3.2,4.6,1.6,3.5999999999999996,1.3,0.0,1.0
Across The Ocean Eau de Parfum,Gravel,7.0,16.6,1.8,0.0,7.7,5.0,1.2
Terrible Teddy Eau de Parfum,Penhaligons,0.0,16.7,0.0,2.8,14.3,0.0,0.0
Heartless Helen Eau de Parfum,Penhaligons,1.6,1.3,4.5,4.7,3.2,0.0,1.0
Plumeria de Orris Extrait de Parfum,Areej Le Dore,0.0,9.3,9.0,10.000000000000002,8.600000000000001,16.9,0.0
Love Kills Eau de Parfum,Masque Milano,0.0,6.0,14.200000000000001,1.7,4.2,12.600000000000001,1.0
Oriental Leather Eau de Parfum,MEMO,0.0,18.8,1.8,4.6000000000000005,11.6,3.4000000000000004,0.0
Rolling in Love Eau de Parfum,By Kilian,0.0,4.199999999999999,3.0,0.0,3.9000000000000004,0.0,0.0
Ambre Khandjar Eau de Parfum,Une Nuit Nomade,0.0,17.2,0.0,5.800000000000001,3.6,4.6,0.0
Jardins de Misfah Eau de Parfum,Une Nuit Nomade,3.2,6.199999999999999,5.2,4.4,0.0,7.2,3.0
Suma Oriental Eau de Parfum,Une Nuit Nomade,0.0,10.7,0.0,13.2,9.3,3.0,0.0
Mr. Vetiver Eau de Parfum,Une Nuit Nomade,6.9,6.6,0.0,18.799999999999997,15.399999999999999,1.4,3.2
Fleur des Fleurs Eau de Parfum,Une Nuit Nomade,6.6000000000000005,9.700000000000001,7.2,8.0,5.1,10.200000000000001,0.0
Murmure des Dieux Eau de Parfum,Une Nuit Nomade,1.2,4.4,0.0,0.0,0.0,3.2,0.0
Bohemian Soul Eau de Parfum,Une Nuit Nomade,1.6,1.4,3.0,3.6,4.5,0.0,3.0
Memory Motel Eau de Parfum,Une Nuit Nomade,1.8,13.400000000000002,3.3,4.0,9.1,5.0,0.0
Kalan Eau de Parfum,Parfums de Marly,4.800000000000001,0.0,4.199999999999999,1.8,3.8000000000000003,0.0,0.0
Aventus Cologne Eau de Parfum,Creed,1.6,9.600000000000001,1.8,8.600000000000001,13.400000000000002,1.8,5.8
Harem Soiree Parfum,Arte Profumi,0.0,13.0,9.0,4.6,0.0,10.4,0.0
Velvet Rouge,Arte Profumi,0.0,12.4,0.0,7.800000000000001,4.8,1.6,0.0
Bois Sacre Parfum,Arte Profumi,1.2,15.8,0.0,9.799999999999999,13.5,1.6,0.0
Samharam Parfum,Arte Profumi,0.0,17.0,0.0,3.2,9.1,0.0,0.0
Sucre Noir Parfum,Arte Profumi,0.0,19.6,0.0,0.0,2.9000000000000004,11.200000000000001,0.0
Oeilleres Parfum Extrait,Roberto Greco,0.0,3.4,3.6,1.4,2.8,3.6,0.0
Slow Dance Eau de Parfum,BYREDO,1.6,16.6,3.0,4.6,0.0,7.3999999999999995,3.4
L'Air Des Alpes Suisses Eau de Parfum,Tauer Perfumes,6.800000000000001,8.6,3.3,5.9,0.0,0.0,4.0
Not A Perfume Superdose Eau de Parfum,Juliette Has a Gun,0.0,0.0,0.0,0.0,0.0,0.0,1.0
La Couche du Diable Eau de Parfum,Serge Lutens,0.0,13.100000000000001,3.6,1.2,7.6,5.1,0.0
Baikal Leather Intense Eau de Parfum,PARFUMS DE NICOLAI,7.2,20.400000000000002,11.4,6.4,23.000000000000004,5.4,1.2
Fucking Fabulous Travel Atomizer Eau de Parfum,TOM FORD Private Blend,0.0,7.6,0.0,1.6,2.0,0.0,0.0
Corpi Caldi Eau de Parfum,Profumi del Forte,13.600000000000001,12.8,16.0,1.4,1.2,14.7,2.0
Elae Eau de Parfum,Cire Trudon,2.5999999999999996,0.0,3.6,1.8,1.8,3.6,0.0
Squid Extrait de Parfum,Zoologist,1.2,12.000000000000002,0.0,0.0,4.3,1.4,0.0
Sir Winston Extrait de Parfum,Bortnikoff,3.0,17.1,4.7,8.799999999999999,11.7,4.6,2.0
Symphonie de Neroli Extrait de Parfum,Bortnikoff,18.7,7.0,5.4,8.9,10.799999999999999,5.4,2.2
Zemfira Extrait de Parfum,Bortnikoff,6.800000000000001,13.200000000000001,16.0,7.0,17.799999999999997,14.4,3.0
Los Angeles Eau de Parfum,Gallivant,1.2,3.2,4.8,0.0,2.5,1.8,0.0
Keep Glazed Eau de Parfum,The House Of Oud,5.2,7.6,0.0,0.0,4.4,4.5,0.0
Ristretto Intense Cafe Extrait de Parfum,Montale,2.6,22.5,9.0,5.2,2.6,15.0,1.0
Instant Crush Eau de Parfum,Mancera,3.8,14.799999999999999,10.8,9.0,4.2,16.8,1.2
Labyrinth Of Spices Extrait de Parfum,Alghabra Parfums,1.6,23.2,4.6,23.1,13.7,1.4,2.0
Ottoman Treasure Extrait de Parfum,Alghabra Parfums,0.0,18.6,0.0,6.200000000000001,8.7,0.0,0.0
Royal Sapphire Extrait de Parfum,Thameen,6.800000000000001,7.199999999999999,6.4,5.6,0.0,6.5,0.0
Kintsugi Eau de Parfum,Masque Milano,5.2,13.0,5.1,3.2,2.0,5.2,3.4
Osmanthus Elixir Parfum,Ormonde Jayne,7.8,5.0,6.9,6.699999999999999,6.5,5.0,4.4
Isfarkand Elixir Parfum,Ormonde Jayne,8.9,0.0,0.0,10.0,10.0,0.0,4.4
Ta'if Elixir Parfum,Ormonde Jayne,4.0,10.2,10.4,5.6,3.5,10.4,0.0
Royal Elixir Parfum,Ormonde Jayne,7.199999999999999,23.1,10.4,12.5,2.9000000000000004,11.600000000000001,4.2
Ormonde Elixir Parfum,Ormonde Jayne,1.6,9.2,3.3,13.8,10.0,1.8,3.0
Tuscan Leather Travel Atomizer,TOM FORD Private Blend,0.0,6.0,1.8,0.0,6.0,1.8,0.0
Noir de Noir Travel Atomizer,TOM FORD Private Blend,0.0,6.0,3.6,0.0,1.9,5.2,0.0
Cairo Eau de Parfum,Penhaligons,0.0,11.2,3.6,3.5,4.7,6.800000000000001,0.0
Neroli Intense Eau de Parfum,PARFUMS DE NICOLAI,13.0,6.0,3.6,0.0,2.6,3.6,2.0
Brume du Matin Eau de Parfum,Fragrance du Bois,8.8,9.0,12.1,3.2,4.5,10.4,2.0
Cuir de Chine Eau de Parfum,Les Indemodables,4.4,4.0,4.6,4.0,9.2,1.8,2.0
Rose Millesimee Extrait de Parfum,Jovoy Paris,4.4,3.2,18.0,3.2,1.6,19.4,2.0
Delina Hair Mist,Parfums de Marly,1.8,8.7,1.8,4.8,6.0,8.600000000000001,0.0
Cuoio Dei Dolci Eau de Parfum,La Via Del Profumo,0.0,19.400000000000002,0.0,9.0,13.2,7.3999999999999995,0.0
Notorious Oud Eau de Parfum,D.S. and Durga,0.0,17.200000000000003,8.2,1.4,13.299999999999999,3.6,1.0
Metallique Eau de Parfum,TOM FORD Signature,1.2,4.4,6.4,5.4,5.0,6.6,0.0
Fougere Emeraude Eau de Parfum,Les Indemodables,0.0,7.6000000000000005,9.7,1.8,1.2,6.6,1.0
Gentle fluidity Silver Eau de Parfum,Maison Francis Kurkdjian,4.4,7.1,0.0,4.9,4.3,1.6,2.0
gentle Fluidity Gold Eau de Parfum,Maison Francis Kurkdjian,0.0,17.8,0.0,7.500000000000001,4.1000000000000005,6.200000000000001,0.0
Oriental Velours Eau de Parfum,Les Indemodables,0.0,14.800000000000002,1.8,9.2,8.1,6.6000000000000005,0.0
Musk Cologne Eau de Parfum,Bortnikoff,10.1,13.700000000000001,4.800000000000001,4.6000000000000005,8.1,1.4,3.2
Mandarino di Sicilia Eau de Parfum,Perris Monte Carlo,10.8,5.4,6.0,4.9,2.9000000000000004,1.5,6.6
Bergamotto di Calabria Eau de Parfum,Perris Monte Carlo,8.4,2.7,8.3,6.4,6.3,5.4,0.0
Arancia di Sicilia Eau de Parfum,Perris Monte Carlo,4.0,18.900000000000002,1.5,8.0,3.8,1.6,2.4
Soleil d'Italie Eau de Parfum,Mancera,8.7,9.4,3.6,9.2,6.5,5.0,1.2
Safran Colognise Extrait de Cologne,Nishane,6.6000000000000005,8.6,0.0,0.0,5.3,0.0,1.0
Le Chant de Camargue Eau de Parfum,L'Artisan Parfumeur,5.2,3.8,1.8,8.4,5.0,3.4000000000000004,1.0
Petales de Cashmere Eau de Parfum,Fragrance du Bois,3.8,8.3,12.0,4.8,6.0,9.0,1.2
Tuscan Leather Intense Eau de Parfum,TOM FORD Private Blend,1.6,18.0,0.0,1.6,17.6,0.0,1.0
A Man's Cologne Eau de Parfum,Gravel,5.4,12.2,0.0,5.0,9.700000000000001,3.1,2.2
Villa Nellcote Eau de Parfum,19-69,11.2,10.0,8.5,4.9,4.5,5.4,5.6
Portrayal Man Eau de Parfum,Amouage,0.0,2.0,3.0,5.0,9.6,0.0,0.0
Portrayal Woman,Amouage,0.0,6.2,6.6,2.0,2.0,8.200000000000001,0.0
Humus Eau de Parfum,Mad et Len,0.0,0.0,3.0,6.0,6.0,0.0,0.0
Musc des Sables Eau de Parfum,Les Indemodables,1.6,17.7,1.6,6.300000000000001,2.6,1.4,2.0
Iris Perle Eau de Parfum,Les Indemodables,4.4,0.0,15.8,1.4,0.0,5.4,2.0
Rose de Jamal Eau de Parfum,Les Indemodables,5.4,0.0,32.4,0.0,3.4000000000000004,36.0,0.0
Pineapple Essenza Eau de Parfum,Panah London,4.0,8.8,1.7,0.0,2.5,5.9,2.4
Brandied Pear Eau de Parfum,Panah London,5.6,13.500000000000002,3.2,2.8,2.6,4.6,5.4
Nefs Extrait de Parfum,Nishane,0.0,18.900000000000002,10.5,12.600000000000001,10.6,10.6,0.0
Megamare Parfum,Orto Parisi,1.0,2.8,1.6,0.0,2.6,2.8,1.0
Mahabah Eau de Parfum,ANFAS,2.0,9.7,5.4,0.0,0.0,13.700000000000003,0.0
Shaghaf Eau de Parfum,ANFAS,0.0,42.900000000000006,0.0,18.4,22.000000000000004,1.6,1.6
Red Ishq Eau de Parfum,ANFAS,4.6,9.4,1.8,2.8,4.0,1.8,3.4
Green Gaya Eau de Parfum,ANFAS,2.8,14.500000000000002,8.0,10.299999999999999,5.4,4.6,3.0
Purple Sakan,ANFAS,5.8,20.8,1.6,10.2,2.6,4.6,3.2
Gold Watan Eau de Parfum,ANFAS,1.0,15.600000000000001,3.6,0.0,12.1,5.0,0.0
Rahaba Eau de Parfum,ANFAS,4.4,9.200000000000001,8.7,6.800000000000001,4.7,13.4,2.0
Samaha,ANFAS,7.2,1.4,10.8,1.7,2.9000000000000004,15.200000000000001,0.0
Sa'adah Eau de Parfum,ANFAS,3.0,9.3,10.5,8.2,6.6,13.6,2.0
Velvet Splendour Perfume Concentrate,Goldfield & Banks,4.800000000000001,6.7,11.6,6.000000000000001,5.4,8.8,2.0
Papyrus Oud Eau de Parfum,Parle Moi de Parfum,1.6,27.900000000000002,3.6,4.0,21.0,3.6,1.0
Gardens of India Eau de Parfum,Parle Moi de Parfum,0.0,0.0,13.5,5.4,4.800000000000001,10.4,0.0
Blackpepper Eau de Parfum,Comme des Garcons,2.4,12.8,0.0,6.3,8.000000000000002,0.0,0.0
Gosha Rubchinskiy Eau de Toilette,Comme des Garcons,0.0,3.2,0.0,4.4,3.6,0.0,0.0
Concrete Eau de Parfum,Comme des Garcons,0.0,3.3,1.8,6.9,3.2,3.3,0.0
Andy Warhol's You're In Eau de Toilette,Comme des Garcons,7.6,4.6,5.0,1.6,1.3,3.6,2.2
Escentric 01 Eau de Toilette,Escentric Molecules,3.0,7.8,0.0,1.8,6.3,0.0,0.0
2 Candle,Comme des Garcons,1.6,11.2,0.0,4.800000000000001,4.8,0.0,1.0
Odeur 53 Eau de Toilette,Comme des Garcons,1.2,1.3,0.0,1.2,0.0,0.0,0.0
Odeur 71 Eau de Toilette,Comme des Garcons,0.0,2.0,0.0,0.0,1.5,0.0,1.0
2 Eau de Parfum,Comme des Garcons,1.6,12.8,0.0,4.800000000000001,4.8,0.0,1.0
White Eau de Toilette,Comme des Garcons,1.2,8.4,7.0,5.0,1.8,6.800000000000001,0.0
2 MAN Eau de Toilette,Comme des Garcons,0.0,11.0,0.0,8.0,14.0,0.0,0.0
Original Eau de Parfum,Comme des Garcons,0.0,13.0,3.6,16.2,3.4000000000000004,3.6,0.0
3 Eau de Toilette,Comme des Garcons,1.6,0.0,1.8,7.0,6.4,3.4000000000000004,1.0
Wonderwood Eau de Parfum,Comme des Garcons,1.8,11.5,0.0,11.8,18.6,1.6,0.0
Amazingreen Eau de Parfum,Comme des Garcons,0.0,1.4,6.4,3.2,9.700000000000001,0.0,4.0
Black Eau de Toilette,Comme des Garcons,0.0,10.0,0.0,3.3,11.9,0.0,0.0
Wonderoud Eau de Parfum,Comme des Garcons,0.0,18.000000000000004,0.0,6.6,17.8,0.0,0.0
Serpentine Eau de Toilette,Comme des Garcons,0.0,4.5,3.0,3.2,2.9000000000000004,0.0,0.0
Floriental Eau de Parfum,Comme des Garcons,0.0,8.4,7.2,6.800000000000001,10.3,10.8,0.0
Dot Eau de Parfum,Comme des Garcons,1.6,5.2,9.8,1.6,1.5,8.8,5.6
Grace by Grace Coddington Eau de Toilette,Comme des Garcons,9.8,6.1,14.4,6.300000000000001,4.9,15.9,3.2
Muskane Demi Extrait,Nishane,1.2,12.4,10.2,1.6,3.9000000000000004,15.000000000000002,0.0
Florane Demi Extrait,Nishane,4.8,13.799999999999999,20.499999999999996,5.6,3.8,17.2,0.0
Lustre Eau de Parfum,Hiram Green Perfumes,5.6,0.0,22.8,0.0,0.0,18.0,6.4
L'Eau de Reims,Reims Parfums,11.599999999999998,2.0,1.6,0.0,1.5,0.0,4.0
Haute Provence Eau de Cologne,PARFUMS DE NICOLAI,3.4000000000000004,1.4,3.0,1.7,2.9000000000000004,0.0,2.0
Hossegor Eau de Parfum,A Lab on Fire,2.0,1.6,1.6,1.6,4.2,0.0,1.0
Ani Extrait de Parfum,Nishane,8.8,13.7,6.800000000000001,7.9,6.1000000000000005,8.3,5.2
Unutamam Extrait de Parfum,Nishane,1.8,12.599999999999998,1.8,3.2,2.0,3.2,0.0
Milano Cento For Him Eau de Toilette,Milano Cento,7.6,16.700000000000003,1.6,14.8,5.7,0.0,1.0
Douce Amere Eau de Parfum,Serge Lutens,0.0,6.3,3.5,6.5,4.1000000000000005,3.2,0.0
Rahat Loukhoum Eau de Parfum,Serge Lutens,0.0,9.4,1.8,2.8,1.3,10.6,0.0
Iris Silver Mist Eau de Parfum,Serge Lutens,1.0,10.0,13.6,9.899999999999999,9.1,0.0,1.0
Bois Et Musc Eau de Parfum,Serge Lutens,0.0,10.5,0.0,4.9,5.5,1.5,1.0
Sarrasins Eau de Parfum,Serge Lutens,4.8,8.100000000000001,7.0,4.0,2.0,5.4,1.0
Vanilla Vibes Eau de Parfum,Juliette Has a Gun,1.6,19.900000000000002,0.0,4.8,4.5,12.600000000000001,1.0
Winter Palace Eau de Parfum,MEMO,9.6,16.099999999999998,0.0,5.8,1.3,3.2,2.4
White Peaches Eau de Parfum,Shay & Blue,1.6,2.7,1.8,1.2,0.0,1.8,1.0
Sundazed Eau de Parfum,BYREDO,10.399999999999999,4.199999999999999,1.8,0.0,3.9000000000000004,3.2,4.4
Eau de Minthe Eau de Parfum,Diptyque,8.600000000000001,3.2,5.4,0.0,5.6000000000000005,5.4,4.4
Splendiris Eau de Parfum,Dusita,7.0,7.8,27.1,6.6,8.0,15.200000000000001,5.2
Rose Of No Man's Land Hair Perfume,BYREDO,1.2,4.0,9.0,3.2,0.0,10.4,0.0
Malt Eau de Parfum,Akro,3.4000000000000004,3.6,1.6,2.0,4.0,1.4,1.0
Dark Eau de Parfum,Akro,0.0,25.300000000000004,0.0,3.6,0.0,6.1,0.0
Night Eau de Parfum,Akro,4.6,1.4,3.6,0.0,1.3,3.6,5.0
Smoke Eau de Parfum,Akro,0.0,5.4,0.0,2.0,8.4,3.0,0.0
Haze Eau de Parfum,Akro,5.0,3.8,6.0,2.8,4.4,0.0,4.0
Molecule 02 Eau de Toilette,Escentric Molecules,3.2,1.6,0.0,0.0,0.0,0.0,0.0
Escentric 02 Eau de Toilette,Escentric Molecules,1.2,4.6,1.8,1.6,3.1,1.8,0.0
Lavender Extreme Eau de Parfum,TOM FORD Private Blend,5.2,6.7,3.3,3.0,0.0,1.8,2.0
Bana Banana Eau de Parfum,L'Artisan Parfumeur,0.0,13.3,13.0,7.4,1.3,6.9,1.0
Easy To Love Eau de Parfum,Eau d'Italie,1.6,5.0,5.0,2.8,1.3,4.6,2.0
Cassili Eau de Parfum,Parfums de Marly,3.2,9.8,7.2,3.6,3.2,17.1,2.0
Ganymede Eau de Parfum,Marc-Antoine Barrois,2.2,4.0,6.3,0.0,4.0,1.8,0.0
No. 1 Tonic Blanc Eau de Parfum,Thomas Kosmala,20.2,2.8,3.0,3.0,4.2,1.6,4.2
No. 2 Seve Nouvelle Eau de Parfum,Thomas Kosmala,6.6,9.0,1.6,3.2,1.5,0.0,2.2
No. 3 Crepuscule Ardent Eau de Parfum,Thomas Kosmala,1.2,18.8,5.4,4.800000000000001,11.1,8.2,0.0
No. 4 Apres l'Amour Eau de Parfum,Thomas Kosmala,5.6,6.800000000000001,0.0,7.4,5.9,0.0,1.0
No. 5 Frenesie Eau de Parfum,Thomas Kosmala,1.8,19.2,13.6,3.4000000000000004,15.4,11.9,0.0
No. 6 Brume Radieuse Eau de Parfum,Thomas Kosmala,2.2,16.3,9.0,3.0,9.5,14.2,0.0
No. 7 Le Sel de la Terre Eau de Parfum,Thomas Kosmala,20.0,4.199999999999999,1.8,0.0,3.9000000000000004,3.2,7.2
No. 8 Tonic Vert Eau de Parfum,Thomas Kosmala,13.299999999999999,1.4,4.800000000000001,8.2,4.9,0.0,4.2
No. 9 Bukhoor Elixir de Parfum,Thomas Kosmala,0.0,18.5,0.0,5.800000000000001,8.5,0.0,0.0
Beaute du Diable Eau de Parfum,Liquides Imaginaires,2.0,3.4000000000000004,0.0,3.2,5.800000000000001,1.4,0.0
Oud Monarch Extrait de Parfum,Bortnikoff,0.0,41.0,3.6,5.8,28.7,6.6,0.0
Amber Cologne Eau de Parfum,Bortnikoff,17.8,22.7,1.8,8.100000000000001,7.299999999999999,7.6,3.4
Musk Khabib Extrait de Parfum,Bortnikoff,5.2,18.3,0.0,5.8,9.600000000000001,3.0,1.0
Sensual Instinct Eau de Parfum,Montale,3.6,19.0,3.6,7.6,1.3,9.600000000000001,0.0
Vetiver Patchouli Eau de Parfum,Montale,8.600000000000001,7.800000000000001,1.8,9.4,12.5,3.2,4.2
Oud Dream Eau de Parfum,Montale,1.8,31.1,3.6,7.6,24.6,9.2,0.0
Holy Water Eau de Parfum,La Via Del Profumo,11.399999999999999,2.0,8.2,5.4,6.5,8.2,3.0
Mecca Balsam Eau de Parfum,La Via Del Profumo,1.2,25.6,3.3,8.0,13.0,3.2,0.0
Milano Caffe Eau de Parfum,La Via Del Profumo,0.0,21.2,3.0,8.2,4.9,3.0,0.0
Oakmoss Eau de Parfum,La Via Del Profumo,3.2,1.8,1.6,9.6,8.600000000000001,0.0,1.0
Oud Caravan No. 1 Eau de Parfum,La Via Del Profumo,0.0,41.2,0.0,0.0,36.4,0.0,1.0
Oud Caravan No. 2 Eau de Parfum,La Via Del Profumo,0.0,48.400000000000006,6.4,2.5999999999999996,42.1,5.0,0.0
Oud Caravan No. 3 Eau de Parfum,La Via Del Profumo,0.0,46.1,0.0,2.8,32.4,0.0,0.0
Amber Chocolate Eau de Parfum,La Via Del Profumo,0.0,48.400000000000006,0.0,21.4,5.1,6.200000000000001,0.0
Hindu Kush Eau de Parfum,La Via Del Profumo,2.0,12.0,0.0,6.4,6.4,0.0,0.0
Aenotus Parfum Extrait,Puredistance,11.2,4.3,0.0,1.2,1.3,0.0,2.2
Tabac Eau de Parfum,La Via Del Profumo,1.2,24.0,0.0,19.4,12.0,8.0,0.0
Molecule 03 Eau de Toilette,Escentric Molecules,0.0,0.0,1.6,8.0,9.0,1.4,1.0
Escentric 03 Eau de Toilette,Escentric Molecules,3.1,8.3,3.4000000000000004,9.5,10.1,1.8,2.0
Isle of Man Eau de Parfum,Frapin,8.399999999999999,1.4,3.3,1.6,3.1,1.8,2.2
Desert Suave Eau de Parfum,Liquides Imaginaires,6.0,4.6,5.0,8.0,6.000000000000001,5.0,1.2
Functional Fragrance,The Nue Co.,0.0,3.3,3.1,3.3,1.8,0.0,4.4
Lust In Paradise Eau de Parfum,Ex Nihilo,1.6,7.799999999999999,5.2,4.9,7.1000000000000005,5.0,1.0
Hisui (Jade) Eau de Parfum,J-Scent,5.4,6.4,11.5,3.4000000000000004,4.2,3.6,4.0
Shaft of Light Eau de Parfum,J-Scent,16.6,11.4,8.4,7.6,4.5,6.800000000000001,3.2
Usubeni (Rosy Cheeks) Eau de Parfum,J-Scent,1.6,5.4,11.600000000000001,4.2,4.2,9.5,4.0
Black Leather Eau de Parfum,J-Scent,3.6,21.2,3.6,3.6,16.9,5.2,0.0
Yuzu Eau de Parfum,J-Scent,31.7,0.0,1.8,0.0,0.0,4.6,5.8
Sumo Wrestler Eau de Parfum,J-Scent,1.6,11.3,6.6,6.6000000000000005,12.2,8.200000000000001,1.0
Yawahada (Soft Skin) Eau de Parfum,J-Scent,0.0,6.199999999999999,5.2,5.2,7.1000000000000005,3.6,2.0
Honey & Lemon Eau de Parfum,J-Scent,18.8,3.0,7.2,10.2,2.9000000000000004,10.0,4.2
Roasted Green Tea Eau de Parfum,J-Scent,4.9,2.2,6.5,0.0,0.0,3.4000000000000004,3.0
Agarwood Eau de Parfum,J-Scent,0.0,14.4,0.0,17.099999999999998,11.3,0.0,1.0
Rakugan (Sugar Sweets) Eau de Parfum,J-Scent,1.6,8.5,3.3,5.5,1.6,6.2,2.0
Hanamizake (Cherry Blossom Sake) Eau de Parfum,J-Scent,3.2,2.8,5.0,0.0,2.6,6.199999999999999,3.0
Paper Soap Eau de Parfum,J-Scent,1.6,2.8,10.5,0.0,2.6,7.2,2.0
Hydrangea Eau de Parfum,J-Scent,3.2,1.4,20.000000000000004,0.0,1.3,10.8,4.0
Elixir Pour Femme Extrait de Parfum,Roja Parfums,5.2,8.8,11.8,7.0,6.1000000000000005,10.000000000000002,1.0
Cuir Mauresque Eau de Parfum,Serge Lutens,3.2,32.00000000000001,2.8,17.9,16.599999999999998,4.6,0.0
Chene Eau de Parfum,Serge Lutens,1.8,7.4,0.0,21.299999999999997,13.000000000000002,1.5,0.0
Fumerie Turque Eau de Parfum,Serge Lutens,1.6,11.4,9.0,9.4,12.0,13.5,3.4
Muscs Koublai Khan Eau de Parfum,Serge Lutens,0.0,11.6,3.4000000000000004,1.6,3.9000000000000004,3.4000000000000004,1.0
Tubereuse Criminelle Eau de Parfum,Serge Lutens,3.2,9.8,17.3,6.2,1.3,7.0,2.6
Serge Noire Eau de Parfum - ...,Serge Lutens,0.0,8.799999999999999,0.0,6.800000000000001,0.0,0.0,0.0
Louve Eau de Parfum - ...,Serge Lutens,1.6,13.800000000000002,9.0,3.2,1.3,16.7,1.0
De Profundis Eau de Parfum,Serge Lutens,1.6,3.4,11.5,1.4,4.4,3.6,4.0
Molecule 04 Eau de Toilette,Escentric Molecules,4.6000000000000005,0.0,1.6,3.6,3.2,0.0,2.0
Escentric 04 Eau de Toilette,Escentric Molecules,4.6000000000000005,0.0,1.8,5.4,4.800000000000001,1.8,1.0
Sorong Eau de Parfum,"Pierre Guillaume Paris, Parfumerie Generale",5.2,15.8,0.0,6.6,15.000000000000002,0.0,2.4
Chronic Eau de Parfum,19-69,5.4,6.199999999999999,3.2,4.800000000000001,4.9,0.0,4.2
Capri Eau de Parfum,19-69,6.6000000000000005,2.9,4.9,1.5,1.3,3.2,3.2
Chinese Tobacco Eau de Parfum,19-69,3.8,10.600000000000001,0.0,13.6,20.6,1.6,0.0
Kasbah Eau de Parfum,19-69,3.5,16.7,0.0,10.8,7.4,4.4,1.2
Rainbow Bar Eau de Parfum,19-69,3.8,12.5,0.0,10.399999999999999,2.0,0.0,0.0
L'air Barbes Eau de Parfum,19-69,7.0,3.4,1.5,1.2,3.3,0.0,2.0
Gris Clair Eau de Parfum,Serge Lutens,0.0,18.7,1.5,8.4,4.5,0.0,0.0
Fleurs de Citronnier Eau de Parfum,Serge Lutens,10.399999999999999,2.8,3.0,0.0,2.6,0.0,1.0
L'Homme Aux Gants Eau de Parfum,Parfums MDCI,0.0,17.5,0.0,8.899999999999999,5.1,4.6,0.0
Bleu Satin Eau de Parfum,Parfums MDCI,11.4,4.0,6.800000000000001,1.8,10.2,9.5,5.0
Cuir Cavalier Eau de Parfum,Parfums MDCI,1.2,23.900000000000002,5.1,4.3,17.5,6.800000000000001,0.0
Chameleon Eau de Parfum,Zoologist,5.8,9.6,3.3,6.6,3.4000000000000004,6.5,0.0
Dodo Eau de Parfum,Zoologist,4.6,9.3,3.4000000000000004,3.4000000000000004,4.2,1.8,2.0
Santal Blanc Eau de Parfum,Serge Lutens,4.0,6.4,7.2,12.5,10.6,7.2,1.0
City Of Jasmine Extrait de Parfum,Alghabra Parfums,4.4,13.2,21.6,0.0,15.2,27.8,2.0
Scent Of Paradise Extrait de Parfum,Alghabra Parfums,13.2,4.7,10.2,6.4,4.5,10.1,8.2
From The Heart Extrait de Parfum,Alghabra Parfums,3.4000000000000004,3.3,7.0,2.8,0.0,5.0,1.0
King Of Flowers Extrait de Parfum,Alghabra Parfums,6.800000000000001,13.0,3.1,5.800000000000001,5.6,6.4,3.0
Poem Of Damas Extrait de Parfum,Alghabra Parfums,0.0,15.9,10.8,4.4,9.2,12.3,0.0
Boha Parfum Extrait,Jeroboam,8.0,3.3,19.2,6.4,3.2,8.6,2.0
Patiala Extrait,Thameen,5.2,5.4,5.4,3.2,1.3,8.2,2.4
Escentric 02 - Travel Spray Eau de Toilette,Escentric Molecules,1.2,3.0,1.8,3.2,4.9,1.8,0.0
Molecule 04 - Travel Spray Eau de Toilette,Escentric Molecules,4.6000000000000005,0.0,1.6,3.6,3.2,0.0,2.0
Escentric 04 - Travel Spray Eau de Toilette,Escentric Molecules,8.2,3.0,3.6,7.0,7.9,3.6,1.0
XJ Amber Gold & Rose Gold Collection Eau de Parfum,Xerjoff,3.6,27.8,8.6,14.8,8.5,8.6,1.2
Aura Perfume Oil,Essential Faith,0.0,4.4,0.0,0.0,0.0,4.6,0.0
Allende Parfum,Xerjoff,1.0,10.0,0.0,1.6,1.6,4.800000000000001,0.0
Eau Rose Hair Mist Scented Hair Perfume,Diptyque,4.6000000000000005,1.4,7.2,1.7,2.9000000000000004,7.2,1.0
Aoud Exclusif Eau de Parfum,Mancera,1.2,26.800000000000004,6.9,5.0,18.1,7.0,0.0
Jardin Exclusif Eau de Parfum,Mancera,7.6,9.100000000000001,6.699999999999999,4.6000000000000005,2.9000000000000004,9.600000000000001,4.4
Vanille Exclusive Eau de Parfum,Mancera,0.0,15.400000000000002,4.8,3.4000000000000004,4.2,9.600000000000001,0.0
Neroli Portofino Travel Atomizer,TOM FORD Private Blend,13.999999999999998,2.0,3.2,3.4000000000000004,1.8,1.8,1.2
Oud Wood Travel Atomizer,TOM FORD Private Blend,0.0,17.900000000000002,0.0,4.9,12.5,1.6,0.0
Soleil Blanc Travel Atomizer,TOM FORD Private Blend,0.0,2.0,3.6,1.6,0.0,3.6,0.0
Tobacco Vanille Travel Atomizer,TOM FORD Private Blend,0.0,5.8,0.0,7.2,6.0,3.0,0.0
Costa Azzurra Acqua Eau de Toilette,TOM FORD Private Blend,8.2,5.6,0.0,5.0,1.8,0.0,1.2
Fabulous Body Spray Scented Body Spray,TOM FORD Private Blend,0.0,14.799999999999997,1.4,1.6,5.2,3.0,1.0
Vanilla Shot Eau de Parfum,Olfactive Studio,5.800000000000001,24.000000000000004,3.6,5.199999999999999,1.6,19.4,4.0
Amber Kiso Eau de Parfum,D.S. and Durga,2.8,29.400000000000002,1.5,17.4,10.2,1.6,2.0
Amber Teutonic Eau de Parfum,D.S. and Durga,0.0,25.200000000000003,3.2,15.9,5.4,3.0,2.0
Each Other Eau de Parfum,The House Of Oud,7.0,9.900000000000002,0.0,6.000000000000001,7.1,0.0,4.4
1900 L'Heure de Proust Eau de Parfum,Les Bains Guerbois,5.4,12.200000000000001,3.0,1.6,6.2,6.8,2.4
Blanc Poudre Eau de Parfum,HEELEY,0.0,7.2,0.0,3.6,5.800000000000001,3.2,2.0
Sweet Flowers Eau de Parfum,Montale,7.2,12.8,4.8,6.699999999999999,6.1000000000000005,13.399999999999999,2.0
Bakhoor,Montale,0.0,17.0,0.0,6.800000000000001,15.7,1.4,0.0
Leather Patchouli Eau de Parfum,Montale,0.0,39.60000000000001,0.0,4.9,21.8,3.2,0.0
Amber Musk Eau de Parfum,Montale,0.0,21.5,0.0,14.9,6.800000000000001,2.8,1.0
Mefisto Gentiluomo Eau de Parfum,Xerjoff - Casamorati,22.6,6.7,9.7,6.3,12.9,5.0,9.6
Uden Overdose Parfum,Xerjoff,11.6,11.200000000000001,1.6,14.399999999999999,16.3,3.2,4.4
Colognise Extrait de Cologne,Nishane,24.999999999999996,2.8,11.900000000000002,3.2,6.2,6.800000000000001,8.8
Savile Eau de Parfum,Keiko Mecheri,3.6,7.800000000000001,1.8,6.9,7.0,3.4000000000000004,2.2
Mulholland Eau de Parfum,Keiko Mecheri,8.0,10.100000000000001,0.0,8.0,3.2,0.0,4.8
Isles Lointaines Eau de Parfum,Keiko Mecheri,0.0,4.4,17.599999999999998,0.0,0.0,14.799999999999999,0.0
Datura Blanche Eau de Parfum,Keiko Mecheri,3.2,9.6,3.0,1.6,1.6,4.800000000000001,0.0
Sanguine Eau de Parfum,Keiko Mecheri,5.6,2.8,0.0,0.0,2.6,0.0,6.0
Clair Obscur Eau de Parfum,Keiko Mecheri,1.2,0.0,5.4,0.0,0.0,5.4,0.0
Hanae Eau de Parfum,Keiko Mecheri,5.0,1.4,0.0,0.0,1.3,3.8000000000000003,0.0
Loukhoum Eau de Parfum,Keiko Mecheri,0.0,5.800000000000001,5.4,0.0,1.3,11.6,0.0
Ume Eau de Parfum,Keiko Mecheri,1.8,1.6,1.8,1.6,1.6,3.2,0.0
Irisistible Eau de Parfum,April Aromatics,4.0,3.4000000000000004,16.8,5.2,3.2,10.8,0.0
Kolonya Eau de Toilette,Rasei Fort,10.6,8.1,8.3,11.7,8.3,5.4,1.2
Oud for Greatness Eau de Parfum,Initio Parfums,0.0,32.2,0.0,4.6,20.9,1.4,0.0
Fougere Platine Eau de Parfum,TOM FORD Private Blend,1.8,3.4000000000000004,1.6,6.9,5.4,0.0,1.0
Hyde Eau de Parfum,Hiram Green Perfumes,7.4,11.4,4.800000000000001,0.0,3.6,3.2,5.2
Red Square Eau de Parfum,Mad et Len,2.9000000000000004,17.599999999999998,0.0,5.2,10.2,0.0,1.0
Noir Encens Eau de Parfum,Mad et Len,0.0,21.8,0.0,3.2,3.0,4.4,0.0
Changing Constance Eau de Parfum,Penhaligons,1.6,6.4,0.0,5.0,2.0,1.6,1.0
Kampuchea Noire Oud Oil,Xerjoff - XJ Oud Attars,0.0,15.400000000000002,1.6,1.8,15.1,0.0,1.0
And The World Is Yours Extrait de Parfum,A Lab on Fire,9.0,10.500000000000002,4.6,4.6000000000000005,4.5,6.6000000000000005,1.0
But Not Today Extrait de Parfum,UNUM,1.6,11.0,8.7,3.2,9.2,8.2,1.0
Violon Basse 16 Extrait de Parfum,Filippo Sorcinelli - SAUF,0.0,7.8,0.0,0.0,7.1,0.0,0.0
Unda Maris 8 Extrait de Parfum,Filippo Sorcinelli - SAUF,3.6,3.3,0.0,1.2,1.5,0.0,2.2
L'Heure Exquise 2020 Extrait de Parfum,Bortnikoff,3.2,18.6,5.4,9.5,9.2,5.4,0.0
Southern Bloom Perfume Concentrate,Goldfield & Banks,1.6,3.4,15.899999999999999,11.2,8.100000000000001,12.2,2.0
I Am Trash Eau de Parfum,Etat Libre d'Orange,2.0,5.2,5.4,3.5,6.3999999999999995,6.9,2.2
Noble XXI Cypress Parfum,Clive Christian,10.0,13.4,1.6,13.799999999999999,7.000000000000001,0.0,4.2
Champ de Fleurs Eau de Cologne,L'Artisan Parfumeur,8.799999999999999,3.4,26.200000000000003,4.699999999999999,2.9000000000000004,13.0,2.0
Pavillon Rouge Eau de Parfum,Jovoy Paris,0.0,13.200000000000001,0.0,6.8,8.0,4.6,2.4
Forty Thieves Eau de Parfum,Fort & Manle,5.2,19.3,5.0,6.000000000000001,10.0,8.200000000000001,0.0
Love & Crime Eau de Parfum,Ex Idolo,0.0,6.2,1.8,0.0,0.0,8.7,0.0
Dark Lord Eau de Parfum,By Kilian,1.8,3.6,1.8,9.500000000000002,9.0,3.2,0.0
Princesses de Malabar Eau de Parfum,Lubin,6.6000000000000005,13.6,10.2,5.0,5.5,22.0,2.2
Liquid Illusion Eau de Parfum,Juliette Has a Gun,0.0,10.4,12.9,1.6,1.3,6.9,0.0
Love Tuberose Eau de Parfum,Amouage,0.0,4.0,24.700000000000003,5.3,4.800000000000001,7.4,1.0
Tonka 25 Eau de Parfum,Le Labo,1.6,35.800000000000004,3.0,8.9,10.5,0.0,1.0
Power of 10 Limited Edition- Molecule 02 Eau de Toilette,Escentric Molecules,0.0,0.0,0.0,0.0,0.0,0.0,0.0
A Rose For... Eau de Parfum,Floris London,1.6,11.3,23.400000000000002,3.0,6.5,25.000000000000004,1.0
Ruby Perfume Oil,Bruno Acampora,0.0,24.599999999999998,3.6,1.4,3.9000000000000004,3.6,0.0
Ruby Extrait Parfum Extrait,Bruno Acampora,0.0,24.599999999999998,3.6,1.4,3.9000000000000004,3.6,0.0
Percival Eau de Parfum,Parfums de Marly,5.4,6.5,6.6,5.1,9.9,3.6,2.2
Vetiverissimo Eau de Parfum,Bruno Fazzolari,0.0,9.900000000000002,0.0,27.6,28.1,0.0,0.0
Lucid Dream Eau de Parfum,Ex Idolo,0.0,9.2,1.8,0.0,3.0,1.8,0.0
Flash Back In New York Eau de Parfum,Olfactive Studio,1.2,15.2,4.8,5.0,14.6,1.8,0.0
Woody Mood Eau de Parfum,Olfactive Studio,4.2,13.2,0.0,14.2,23.0,1.4,0.0
Kings Wood Fragrance Concentree,Shay & Blue,1.8,4.0,0.0,4.199999999999999,8.600000000000001,0.0,2.0
Cuir Celeste Eau de Parfum,Ex Nihilo,0.0,7.6,7.8,2.4,6.0,1.8,1.0
EO No. 1 EdP Eau de Parfum,Ensar Oud,0.0,23.200000000000003,5.4,3.8,27.2,5.4,1.0
Tyrannosaurus Rex Extrait de Parfum,Zoologist,3.2,9.1,5.4,5.0,5.2,7.0,0.0
Remember Me Eau de Parfum,Jovoy Paris,7.199999999999999,20.900000000000002,1.6,8.0,7.4,11.399999999999999,4.4
Le Participe Passe Eau de Parfum,Serge Lutens,0.0,15.200000000000001,0.0,3.2,7.2,0.0,0.0
Santal Nabataea Eau de Parfum,Mona di Orio,0.0,3.4,0.0,9.0,11.399999999999999,0.0,0.0
Tokyo Eau de Parfum,Gallivant,5.8,25.1,3.3,14.3,15.200000000000001,7.3999999999999995,0.0
34 Boulevard Saint Germain EDP Eau de Parfum,Diptyque,1.6,11.9,0.0,7.199999999999999,3.2,3.2,1.0
Hemingway Eau de Parfum,Masque Milano,0.0,9.0,0.0,23.299999999999997,25.400000000000002,1.4,1.0
Viking Eau de Parfum,Creed,3.8,1.6,1.8,3.4000000000000004,3.4000000000000004,1.8,0.0
Geisha Botan - Eau de Parfum,Aroma M,1.6,7.2,12.2,3.6,5.800000000000001,15.0,1.0
Mizu Eau de Parfum,Di Ser,13.0,3.0,1.6,10.8,6.6000000000000005,1.4,3.4
Imperial Crown Eau de Parfum,Thameen,0.0,3.6,0.0,0.0,2.0,0.0,0.0
Sceptre,Thameen,0.0,7.199999999999999,0.0,3.2,0.0,0.0,0.0
Baccarat Rouge 540 Hair Mist Scented Hair Perfume,Maison Francis Kurkdjian,0.0,0.0,1.8,0.0,0.0,1.8,0.0
Tobacco Oud Intense Eau de Parfum,TOM FORD Private Blend,0.0,22.400000000000006,0.0,21.1,36.9,0.0,0.0
Purple Flowers Eau de Parfum,Mancera,3.2,13.100000000000001,8.7,9.1,4.5,8.8,3.5999999999999996
Ruh Eau de Parfum,Pekji,0.0,26.099999999999998,15.8,10.6,13.7,14.000000000000002,2.0
Zeybek Extrait de Parfum,Pekji,8.4,5.199999999999999,3.2,3.6,7.1,1.8,1.0
Odoon Extrait de Parfum,Pekji,0.0,11.1,0.0,10.8,9.3,1.6,0.0
Battaniye Extrait de Parfum,Pekji,0.0,23.199999999999996,0.0,7.6000000000000005,16.900000000000002,0.0,0.0
Eaumer Eau de Parfum,Pekji,17.3,6.200000000000001,3.6,5.2,6.8999999999999995,3.6,1.0
B-612 Extrait de Parfum,Nishane,0.0,7.8999999999999995,1.8,6.5,9.7,1.8,0.0
Vain & Naive Extrait de Parfum,Nishane,7.800000000000001,6.799999999999999,18.0,6.9,6.3,19.5,5.4
Hyouge Eau de Parfum,Parfum Satori,6.1,1.6,19.4,0.0,0.0,8.4,6.0
Komorebi Eau de Parfum,"Pierre Guillaume Paris, Parfumerie Generale",6.0,3.6,1.8,2.8,2.4,3.2,0.0
Orange X Santal Eau de Parfum,Essential Parfums,3.2,0.0,1.6,5.4,9.400000000000002,0.0,2.2
Rose Magnetic Eau de Parfum,Essential Parfums,8.0,8.0,19.8,1.7,1.6,24.5,1.0
Mon Vetiver Eau de Parfum,Essential Parfums,4.2,3.2,0.0,21.000000000000004,19.8,2.8,0.0
Nice Bergamote Eau de Parfum,Essential Parfums,12.6,7.2,5.4,1.8,1.8,6.800000000000001,0.0
The Musc Eau de Parfum,Essential Parfums,3.2,8.1,1.4,5.3999999999999995,5.5,2.9,3.0
Mysterious Oud Extrait de Parfum,Bortnikoff,4.8,43.300000000000004,5.4,16.4,24.000000000000004,9.8,0.0
Ombre Leather Eau de Parfum,TOM FORD Signature,0.0,32.7,8.2,2.7,28.0,5.2,1.0
Imitation Man,Amouage,2.0,10.9,6.6,3.1,9.4,3.6,1.2
Kazehikaru Eau de Parfum,Di Ser,6.8,0.0,5.2,3.2,3.6,5.0,1.0
Zest Marin Eau de Parfum,Fragrance du Bois,16.0,9.600000000000001,3.0,9.8,9.1,3.2,5.6000000000000005
Dent de Lait Eau de Parfum,Serge Lutens,0.0,3.8,1.8,0.0,1.5,1.8,0.0
Cap Neroli Eau de Toilette,PARFUMS DE NICOLAI,21.400000000000002,1.4,5.0,0.0,1.3,6.4,5.2
Fougere d'Argent Eau de Parfum,TOM FORD Private Blend,2.0,8.799999999999999,0.0,5.4,9.0,0.0,1.2
Live In Colors Eau de Parfum,The House Of Oud,19.200000000000003,7.200000000000001,0.0,6.699999999999999,9.4,0.0,8.0
Just Before Eau de Parfum,The House Of Oud,13.4,24.800000000000004,0.0,10.0,9.700000000000001,3.2,1.2
I Don't Know What Eau de Parfum,D.S. and Durga,3.8,0.0,1.8,1.6,1.8,1.8,1.2
Rehab Extrait de Parfum,Initio Parfums,1.8,11.2,0.0,7.5,9.399999999999999,4.6,0.0
Blessed Baraka Eau de Parfum,Initio Parfums,0.0,9.6,0.0,8.4,4.5,1.6,0.0
Psychedelic Love Eau de Parfum,Initio Parfums,1.8,9.8,5.4,1.8,1.6,13.200000000000001,0.0
Side Effect Eau de Parfum,Initio Parfums,0.0,11.200000000000001,0.0,7.0,6.0,3.2,0.0
Grev Extrait de Parfum,Slumberhouse,3.0,4.800000000000001,1.4,6.9,4.800000000000001,1.4,0.0
Adameku Parfum,Di Ser,0.0,0.0,5.4,0.0,0.0,9.7,0.0
Bois Sikar Eau de Parfum,Atelier des Ors,0.0,1.5,0.0,8.9,9.4,0.0,0.0
Nuda Veritas Eau de Parfum,Atelier des Ors,3.4000000000000004,4.6,8.6,0.0,1.3,7.2,0.0
Crepuscule des Ames Eau de Parfum,Atelier des Ors,2.4,10.0,0.0,2.7,3.0,0.0,0.0
Choeur des Anges Eau de Parfum,Atelier des Ors,1.6,2.0,1.4,6.1,1.6,0.0,0.0
Gold Incense Eau de Parfum,Mancera,3.0,29.799999999999997,10.5,6.4,19.6,12.1,0.0
Hindu Kush Eau de Parfum,Mancera,0.0,25.2,0.0,11.0,10.799999999999999,4.6,0.0
Wild Python Eau de Parfum,Mancera,3.4000000000000004,8.2,6.5,0.0,2.6,5.2,0.0
Hyrax Extrait de Parfum,Zoologist,1.2,6.7,3.6,4.6000000000000005,1.6,5.0,0.0
Bois Dore Eau de Parfum,Van Cleef & Arpels,0.0,15.900000000000002,0.0,10.5,12.7,6.8,0.0
Knize Ten Face and Body Care Lotion Body / Aftershave ...,Knize,0.0,0.0,0.0,0.0,0.0,0.0,0.0
Pikovaya Dama Eau de Parfum,Xerjoff,7.199999999999999,8.7,3.6,5.0,6.0,5.2,1.2
Amber Intense Eau de Parfum,Fragrance du Bois,8.399999999999999,35.60000000000001,10.8,18.0,8.6,10.8,1.2
Moth Extrait de Parfum,Zoologist,2.0,15.100000000000001,8.5,9.3,8.200000000000001,6.800000000000001,0.0
Unsettled Eau de Parfum,Bruno Fazzolari,3.4000000000000004,3.8000000000000003,1.6,5.4,4.800000000000001,1.6,4.4
Viper Green Eau de Parfum,Ex Nihilo,4.4,3.2,22.4,5.8,3.6,3.6,12.4
Eau de Cologne,Les Bains Guerbois,2.0,16.1,0.0,10.799999999999999,5.800000000000001,1.4,1.2
1885 Bains Sulfureux Eau de Parfum,Les Bains Guerbois,8.4,16.9,8.2,3.0,5.8999999999999995,7.0,1.0
1978 Les Bains Douches Eau de Parfum,Les Bains Guerbois,2.0,7.4,1.8,8.9,8.399999999999999,3.4000000000000004,0.0
2013 Residence d'Artistes Eau de Parfum,Les Bains Guerbois,1.8,11.3,8.4,6.0,6.8999999999999995,6.9,0.0
2015 Le Phenix Eau de Parfum,Les Bains Guerbois,1.2,13.3,0.0,7.5,5.8999999999999995,0.0,0.0
Gelsomini di Capri Eau de Parfum,Carthusia,3.2,8.0,8.6,6.6,3.2,13.3,1.0
Lavish Parfum,Boadicea the Victorious,9.2,7.8999999999999995,3.6,10.899999999999999,5.0,3.6,2.0
Hallucinogenic Pearl Eau de Parfum,A Lab on Fire,7.0,4.0,1.5,1.4,4.0,0.0,1.0
Fior Fiore Eau de Parfum,Eau d'Italie,4.2,2.7,8.8,1.2,1.3,5.4,2.0
Terra Mia Eau de Parfum,Carthusia,11.8,9.4,8.2,1.6,1.2,8.4,2.2
Nudiflorum Extrait de Parfum,Nasomatto,0.0,3.2,0.0,0.0,1.3,0.0,0.0
Erawan Eau de Parfum,Dusita,2.8,5.800000000000001,6.1,14.3,10.399999999999999,3.2,1.0
Fleur de Lalita Eau de Parfum,Dusita,2.4,15.6,18.2,3.6,8.0,10.200000000000001,1.0
Moscow Mule Eau de Parfum,Juliette Has a Gun,7.8999999999999995,2.0,0.0,4.6000000000000005,1.8,0.0,1.0
Fantastic Oud Eau de Parfum,Montale,1.6,34.1,3.6,12.799999999999999,27.499999999999996,3.6,1.0
Orris Tattoo Eau de Parfum,Parle Moi de Parfum,3.2,2.4,4.6,3.0,1.6,0.0,3.0
Chypre Mojo Eau de Parfum,Parle Moi de Parfum,3.6,6.4,3.6,0.0,0.0,3.6,0.0
Heritage Eau de Parfum,Fragrance du Bois,5.2,10.100000000000001,3.6,4.7,7.0,9.8,1.0
Vanille Benjoin Eau de Parfum,Affinessence Paris,1.2,30.300000000000004,1.8,8.899999999999999,3.4000000000000004,20.6,0.0
Santal Basmati Eau de Parfum,Affinessence Paris,0.0,1.6,1.5,9.0,8.4,0.0,0.0
Cedre Iris Eau de Parfum,Affinessence Paris,0.0,7.2,16.5,8.7,8.100000000000001,1.6,0.0
Patchouli Oud Eau de Parfum,Affinessence Paris,1.2,38.00000000000001,1.4,5.8,23.8,0.0,0.0
Musc Ambre Gris Eau de Parfum,Affinessence Paris,3.8,19.8,0.0,9.2,8.4,0.0,0.0
Cuir Curcuma Eau de Parfum,Affinessence Paris,0.0,16.8,0.0,6.6,16.8,1.4,0.0
Hwyl Eau de Parfum,Aesop,0.0,9.6,0.0,3.2,8.1,0.0,0.0
Tempo Eau de Parfum,Diptyque,1.8,17.6,6.1,1.4,0.0,1.4,1.0
Fleur de Peau Eau de Parfum,Diptyque,1.2,10.100000000000001,8.1,1.2,5.2,6.5,1.0
Lost In Flowers Eau de Parfum,Strangelove NYC,0.0,6.8999999999999995,17.700000000000003,3.0,5.7,9.0,1.0
Lost In Flowers Oil Perfume Oil,Strangelove NYC,0.0,6.8999999999999995,17.700000000000003,3.0,5.7,9.0,1.0
Dead of Night Eau de Parfum,Strangelove NYC,5.6,36.6,10.2,5.2,27.2,7.2,1.2
Dead of Night Oil Perfume Oil,Strangelove NYC,5.6,36.6,10.2,5.2,27.2,7.2,1.2
Silence the Sea Eau de Parfum,Strangelove NYC,3.6,13.100000000000001,4.8,4.6,3.9,4.6,1.0
Silence the Sea Oil Perfume Oil,Strangelove NYC,3.6,13.100000000000001,4.8,4.6,3.9,4.6,1.0
Melt my Heart Eau de Parfum,Strangelove NYC,1.8,17.9,1.5,3.3,5.4,0.0,0.0
Melt my Heart Oil Perfume Oil,Strangelove NYC,1.8,20.1,1.5,3.3,5.4,0.0,0.0
Wood Infusion Perfume Concentrate,Goldfield & Banks,0.0,9.4,3.0,3.4000000000000004,4.1000000000000005,1.4,2.4
Desert Rosewood Perfume Concentrate,Goldfield & Banks,1.6,9.1,0.0,3.1,1.6,3.2,1.0
Pacific Rock Moss Perfume Concentrate,Goldfield & Banks,10.0,1.3,0.0,2.9,1.6,0.0,3.0
White Sandalwood Perfume Concentrate,Goldfield & Banks,0.0,4.0,3.6,9.8,4.800000000000001,5.0,0.0
Blue Cypress Perfume Concentrate,Goldfield & Banks,1.6,6.4,0.0,5.0,1.8,0.0,1.0
Be Careful What You Wish For Parfum Extrait,4160 Tuesdays,5.4,21.400000000000002,0.0,1.8,15.1,3.0,2.2
Carlisle Eau de Parfum,Parfums de Marly,0.0,18.900000000000002,6.800000000000001,7.0,0.0,8.200000000000001,2.0
Orion Extrait de Parfum,Tiziana Terenzi,4.0,7.199999999999999,1.8,1.7,4.4,1.8,0.0
Chimaera Extrait de Parfum,Tiziana Terenzi,4.2,15.9,3.2,4.6,10.9,3.0,0.0
Patchouli Argent Eau de Parfum,Fragrance du Bois,5.6,24.799999999999997,9.0,3.4000000000000004,10.5,9.0,1.2
Vanille Banane Eau de Toilette,Comptoir Sud Pacifique,2.6,4.0,1.6,1.6,0.0,1.6,2.0
Bibliotheque Eau de Parfum,BYREDO,1.6,17.200000000000003,4.7,0.0,7.3,8.0,1.0
Impressions de Giverny Eau de Parfum,Fort & Manle,13.600000000000001,4.6,13.0,1.4,1.3,10.2,0.0
Oud Vert Intense Eau de Parfum,Fragrance du Bois,6.800000000000001,30.200000000000003,1.6,12.5,27.700000000000003,0.0,3.0
No.09 Vallee de Farney - Eau de Parfum,Maison Louis Marie,5.6,6.6,0.0,5.0,4.9,0.0,1.2
Eau de Soleil Blanc Eau de Toilette,TOM FORD Private Blend,5.2,4.0,3.6,3.2,0.0,3.6,2.4
Oud - Extrait de Parfum,Maison Francis Kurkdjian,0.0,25.000000000000004,0.0,1.7,16.2,7.6000000000000005,0.0
Oud Silk Mood - Eau de Parfum,Maison Francis Kurkdjian,7.199999999999999,13.200000000000001,9.0,1.8,13.2,9.0,0.0
No.04 Bois de Balincourt - Eau de Parfum,Maison Louis Marie,0.0,8.6,0.0,18.2,8.4,0.0,0.0
No.05 Kandilli- Perfume Oil Perfume Oil Roll-On,Maison Louis Marie,0.0,3.3,6.5,6.4,3.2,1.8,0.0
Parisian Oud Eau de Parfum,Fragrance du Bois,3.6,35.2,5.4,11.4,25.099999999999998,5.4,0.0
Fabulous Eau de Parfum,TOM FORD Private Blend,1.6,18.400000000000002,1.4,1.6,5.2,3.0,2.0
No.04 Bois de Balincourt- Perfume Oil Perfume Oil Roll-On,Maison Louis Marie,0.0,8.6,0.0,18.2,8.4,0.0,0.0
No.09 Vallee de Farney- Perfume Oil Perfume Oil Roll-On,Maison Louis Marie,5.6,6.6,0.0,5.0,4.9,0.0,1.2
No.10 Aboukir- Perfume Oil Perfume Oil Roll-On,Maison Louis Marie,2.0,12.5,5.4,13.0,7.0,6.800000000000001,0.0
Antidris Cassis- Perfume Oil Perfume Oil Roll-On,Maison Louis Marie,3.6,7.7,5.2,1.2,2.6,5.1,2.0
No.02 Le Long Fond - Eau de Parfum,Maison Louis Marie,0.0,6.6,0.0,1.6,1.3,0.0,0.0
Antidris Cassis - Eau de Parfum,Maison Louis Marie,3.6,7.7,5.2,1.2,2.6,5.1,2.0
Black Gold Eau de Parfum,Mancera,5.6,21.499999999999996,6.9,9.9,18.8,5.4,3.4
AnOther 13 Eau de Parfum,Le Labo,2.0,2.8,3.4000000000000004,0.0,2.6,1.8,2.2
Vanille Fatale Eau de Parfum,TOM FORD Private Blend,0.0,17.3,1.8,1.2,1.5,9.600000000000001,2.4
Tsuki Eau de Parfum,Di Ser,9.2,1.6,3.2,0.0,0.0,0.0,3.0
"Feb. 14, 1912 Eau de Parfum",Rundholz Parfums,3.8,12.100000000000001,8.4,4.3,9.6,5.4,1.2
Sasora Parfum,Di Ser,8.0,23.4,2.8,0.0,16.7,1.4,1.2
Kyara Parfum,Di Ser,0.0,46.2,8.600000000000001,3.6,23.1,6.800000000000001,3.0
Hasunoito Parfum,Di Ser,1.6,10.200000000000001,9.0,3.0,3.4,11.9,1.0
Akanesasu Eau de Parfum,Di Ser,9.2,1.3,7.0,6.000000000000001,5.4,5.4,4.4
Shiragoromo Parfum,Di Ser,17.6,2.2,15.600000000000001,4.199999999999999,0.0,13.600000000000001,10.8
Suleyman le Magnifique Eau de Parfum,Fort & Manle,0.0,27.0,7.9,13.200000000000001,11.6,4.800000000000001,1.0
Charlatan Eau de Parfum,Fort & Manle,0.0,9.6,7.2,6.4,1.6,10.200000000000001,0.0
Confessions of a Garden Gnome Eau de Parfum,Fort & Manle,8.799999999999999,10.0,11.9,4.9,4.2,5.4,1.0
Amber Absolutely Eau de Parfum,Fort & Manle,1.2,21.9,3.6,21.7,6.5,5.0,0.0
Fatih Sultan Mehmed Eau de Parfum,Fort & Manle,3.0,14.399999999999999,8.4,4.9,5.1,7.0,2.4
Harem Rose Eau de Parfum,Fort & Manle,1.6,10.600000000000001,19.8,6.4,6.5,23.0,1.0
Maduro Eau de Parfum,Fort & Manle,0.0,21.500000000000004,0.0,23.099999999999998,14.4,6.0,1.0
Bojnokopff Eau de Parfum,Fort & Manle,0.0,21.1,0.0,7.8,18.9,4.6,1.0
Slowdive Eau de Parfum,Hiram Green Perfumes,2.5999999999999996,4.6,9.7,7.0,5.6,3.2,4.0
Baque Parfum Extrait,Slumberhouse,0.0,7.0,0.0,11.299999999999999,9.6,5.9,0.0
Camel Extrait de Parfum,Zoologist,3.2,20.4,11.6,12.500000000000002,14.2,8.8,2.0
Day Dreams Eau de Parfum,Montale,6.0,5.7,6.4,3.0,1.6,8.4,0.0
Intense Black Aoud Extrait de Parfum,Montale,0.0,10.3,3.6,4.4,6.7,3.6,0.0
Arabians,Montale,0.0,15.100000000000001,3.6,7.4,6.999999999999999,5.0,1.0
Ummagumma Eau de Parfum,Bruno Fazzolari,0.0,23.2,0.0,10.5,12.0,4.6,0.0
Black Vanilla Eau de Parfum,Mancera,1.8,27.599999999999998,13.8,0.0,3.9000000000000004,35.8,1.0
Red Tobacco Eau de Parfum,Mancera,2.8,40.0,3.4000000000000004,38.0,33.0,6.2,2.0
California Snow Eau de Parfum,A Lab on Fire,2.4,2.7,3.6,8.5,7.5,3.6,1.0
Warszawa Parfum Extrait,Puredistance,3.6,3.2,11.5,4.6,3.6,7.6000000000000005,1.0
Not a Perfume Eau de Parfum,Juliette Has a Gun,1.6,1.6,0.0,1.8,1.8,0.0,2.0
Mx. Eau de Parfum,ERIS Parfums,0.0,7.4,0.0,10.100000000000001,18.3,3.6,1.6
Monstera Eau de Parfum,Xinu,0.0,2.2,9.8,0.0,2.4,3.4000000000000004,4.0
OroNardo Eau de Parfum,Xinu,0.0,0.0,15.8,1.4,0.0,5.0,2.0
Fumabat Eau de Parfum,Couteau de Poche,8.2,12.200000000000001,9.3,3.2,7.4,0.0,5.6
Aguamadera Eau de Parfum,Xinu,6.0,0.0,0.0,6.5,5.2,0.0,1.2
Copala Eau de Parfum,Xinu,0.0,19.8,0.0,6.2,3.3,11.0,1.0
Attar AT Perfume oil,Tauer Perfumes,0.0,2.0,1.8,4.6000000000000005,5.4,1.8,0.0
French Affair Eau de Parfum,Ex Nihilo,1.8,6.4,6.6,6.1,7.8,3.6,0.0
Note de Yuzu Eau de Parfum,HEELEY,27.0,2.8,0.0,1.6,4.4,3.0,2.2
Dolce Amalfi Eau de Parfum,Xerjoff - Casamorati,1.0,21.5,0.0,8.0,7.499999999999999,6.2,0.0
Oud Stars - Malesia Eau de Parfum,Xerjoff,0.0,24.900000000000002,5.2,4.4,8.9,6.4,0.0
Oud Stars - Ceylon Eau de Parfum,Xerjoff,3.6,19.8,1.8,8.2,10.2,8.0,0.0
Cruz Del Sur I Eau de Parfum,Xerjoff,5.2,11.0,0.0,5.1,5.6,0.0,1.0
Cruz Del Sur II Eau de Parfum,Xerjoff,1.6,1.4,5.0,8.0,8.100000000000001,1.8,3.0
Oud Stars - Alexandria II Eau de Parfum,Xerjoff,0.0,15.8,7.0,8.7,8.3,6.800000000000001,0.0
Birch Eau de Parfum,Andrea Maack Parfums,6.4,4.800000000000001,0.0,1.4,2.9000000000000004,0.0,1.0
Beach Hut Man Eau de Parfum,Amouage,9.0,3.2,9.0,7.0,11.4,0.0,2.0
Bruma Eau de Parfum,Cire Trudon,0.0,16.200000000000003,17.7,4.4,9.6,9.9,0.0
II (Deux) Eau de Parfum,Cire Trudon,3.4000000000000004,3.4,8.0,3.5,8.6,0.0,8.4
Mortel Eau de Parfum,Cire Trudon,2.7,17.099999999999998,0.0,12.600000000000001,9.2,1.6,0.0
Olim Eau de Parfum,Cire Trudon,11.2,15.3,3.1,6.000000000000001,6.6,1.4,1.2
Revolution Eau de Parfum,Cire Trudon,0.0,15.4,1.6,5.1,19.0,0.0,1.0
Oud Satin Mood Extrait Extrait de Parfum,Maison Francis Kurkdjian,0.0,27.600000000000005,6.9,1.6,14.899999999999999,10.200000000000001,0.0
Woman in Gold Eau de Parfum,By Kilian,4.8,14.700000000000003,5.4,1.2,3.8,8.4,0.0
Gold Knight Eau de Parfum,By Kilian,5.2,15.900000000000002,0.0,8.8,2.2,3.2,1.0
Eau My Soul Eau de Parfum,4160 Tuesdays,5.4,15.9,3.6,16.6,13.6,5.2,2.2
Berlin Eau de Parfum,Gallivant,14.2,3.6,0.0,3.2,7.199999999999999,0.0,2.0
Pink Wood Eau de Parfum,April Aromatics,0.0,12.100000000000001,12.6,7.6000000000000005,5.1,14.0,0.0
El Cosmico Eau de Parfum,D.S. and Durga,3.4000000000000004,1.8,0.0,2.8,0.0,0.0,1.0
"O, Unknown! Eau de Parfum",Imaginary Authors,1.2,2.8,0.0,1.8,4.2,0.0,0.0
Ambra Extrait de Parfum,Jeroboam,6.4,21.2,0.0,6.4,6.4,4.6,1.0
Cafe Tuberosa Cologne Absolue,Atelier Cologne,5.6,19.200000000000003,4.8,4.2,1.3,8.100000000000001,1.2
My Own Private Teahupo'o Eau de Parfum,A Lab on Fire,1.0,8.4,0.0,3.2,0.0,4.6,0.0
Kai Rose - Eau de Parfum Eau de Parfum Spray,Kai,3.2,0.0,15.6,0.0,0.0,15.8,3.0
Mosaic Eau de Parfum,Mosaic,0.0,15.100000000000001,0.0,12.299999999999999,15.1,3.2,0.0
Elysium Pour Homme Extrait de Parfum,Roja Parfums,13.9,20.5,6.8,2.8,18.6,8.200000000000001,4.2
Velvet Haze Eau de Parfum,BYREDO,3.8,9.600000000000001,3.2,0.0,2.9000000000000004,4.199999999999999,2.0
Suede Osmanthe Eau de Parfum,"Pierre Guillaume Paris, Parfumerie Generale",1.6,3.6,1.8,0.0,0.0,6.199999999999999,2.0
Patchouli Sublime Elixir de Parfum,PARFUMS DE NICOLAI,6.4,24.200000000000003,5.0,6.4,4.6,1.8,4.0
Tubereuse Absolue Eau de Parfum,Perris Monte Carlo,5.2,5.7,16.8,7.5,4.7,1.8,2.0
Elephant Extrait de Parfum,Zoologist,0.0,7.6,1.8,10.0,9.8,1.8,0.0
Layton EXCLUSIF Eau de Parfum,Parfums de Marly,6.199999999999999,14.700000000000001,5.1,6.5,2.9000000000000004,8.3,1.0
Oud Wood Intense Eau de Parfum,TOM FORD Private Blend,5.2,27.400000000000002,0.0,1.6,22.6,1.4,3.2
Patch Flash Eau de Parfum,Tauerville,0.0,11.700000000000001,1.6,4.4,3.6,0.0,1.0
Figment Man Eau de Parfum,Amouage,5.6,6.800000000000001,0.0,5.2,7.0,0.0,1.0
Champs de Provence Eau de Parfum,Eight and Bob,6.200000000000001,2.8,7.8,0.0,2.6,3.6,1.0
Sunny Side Up Eau de Parfum,Juliette Has a Gun,2.8,12.4,6.6,9.6,7.7,9.8,1.0
Monsieur Beauregard Eau de Parfum,Penhaligons,4.0,11.5,0.0,6.6000000000000005,5.1000000000000005,0.0,0.0
The Uncompromising Sohan Eau de Parfum,Penhaligons,0.0,8.200000000000001,5.4,6.800000000000001,12.5,5.4,0.0
The Bewitching Yasmine Eau de Parfum,Penhaligons,0.0,23.0,3.6,4.6,9.6,8.4,0.0
The Ruthless Countess Dorothea Eau de Parfum,Penhaligons,5.6,10.8,0.0,5.2,1.6,3.2,1.2
Terroni Parfum,Orto Parisi,0.0,1.6,0.0,1.6,1.6,0.0,0.0
Vetyverio - Eau de Parfum,Diptyque,6.800000000000001,1.6,3.6,9.4,9.0,3.6,2.0
Aventus For Her Eau de Parfum,Creed,1.8,5.0,1.6,3.4000000000000004,2.9000000000000004,3.6,1.0
Baccarat Rouge 540 Extrait Extrait de Parfum,Maison Francis Kurkdjian,0.0,7.8,5.4,8.0,5.0,5.4,0.0
Histoire D'Orangers Eau de Parfum,L'Artisan Parfumeur,11.399999999999999,7.7,2.8,1.2,2.6,0.0,0.0
Au Bord De L'Eau Eau de Cologne,L'Artisan Parfumeur,11.2,2.8,6.0,1.8,4.4,0.0,2.2
Scarlet Lily Eau de Parfum,Shay & Blue,2.4,6.8999999999999995,11.5,6.000000000000001,1.6,0.0,0.0
Delina Eau de Parfum,Parfums de Marly,3.4000000000000004,8.7,8.8,4.8,6.0,13.8,1.0
10 AM Accord Eau de Parfum,Cinnamon Projects,0.0,1.8,3.0,5.1,3.4000000000000004,0.0,0.0
The Cora Eau de Parfum,Thameen,0.0,16.400000000000002,12.4,7.800000000000001,1.3,15.8,0.0
Mandala Eau de Parfum,Masque Milano,1.2,19.5,0.0,13.0,6.300000000000001,0.0,0.0
Qatar Extrait de parfum,Roja Parfums,2.0,26.400000000000002,5.1,5.0,4.8,9.600000000000001,1.2
Nuit de Bakelite Eau de Parfum,Naomi Goodsir,0.0,5.6,23.4,5.4,9.2,3.6,3.0
Neroli Ad Astra Eau de Parfum,"Pierre Guillaume Paris, Parfumerie Generale",20.2,1.3,10.6,2.8,1.8,10.5,5.0
Midnight Special Eau de Parfum,Ex Nihilo,3.6,21.6,7.2,3.4000000000000004,9.2,10.4,0.0
Suede de Suede Eau de Parfum,Mona di Orio,0.0,11.3,0.0,4.2,4.6,0.0,1.0
Dojima Eau de Parfum,Mona di Orio,1.2,6.6,3.6,6.4,2.8,5.2,0.0
Vitrum Extrait de Parfum,Sammarco,7.6000000000000005,5.8,1.8,11.200000000000001,13.8,1.8,1.0
Bond-T Extrait de Parfum,Sammarco,0.0,28.9,0.0,10.0,5.8,4.6,0.0
Naias Extrait de Parfum,Sammarco,2.8,16.4,16.4,11.8,10.3,10.2,2.0
Osmanthus Eau de Parfum,Ormonde Jayne,9.2,4.6,15.5,3.3,4.7,10.5,7.6
Ta'if Eau de Parfum,Ormonde Jayne,4.800000000000001,4.0,20.4,1.6,2.0,16.2,0.0
Tolu Eau de Parfum,Ormonde Jayne,6.0,11.2,12.5,4.800000000000001,0.0,3.2,2.0
Montabaco - Parfum,Ormonde Jayne,7.800000000000001,16.5,9.9,9.1,17.6,5.4,4.0
Montabaco - Intensivo,Ormonde Jayne,7.800000000000001,16.5,9.9,9.1,17.6,5.4,4.0
Nawab of Oudh - Intensivo,Ormonde Jayne,1.8,25.3,7.0,10.500000000000002,10.8,8.4,1.0
Qi - Intensivo,Ormonde Jayne,11.099999999999998,2.8,8.100000000000001,1.2,2.6,3.3,5.0
Ambre Royal Eau de Parfum,Ormonde Jayne,3.0,19.4,15.6,11.3,4.7,13.600000000000001,2.0
Champaca Eau de Parfum,Ormonde Jayne,12.3,1.4,11.6,1.4,1.3,3.6,8.0
Frangipani Eau de Parfum,Ormonde Jayne,4.0,5.6,8.1,6.5,4.7,3.4000000000000004,1.0
Isfarkand Eau de Parfum,Ormonde Jayne,8.8,3.2,1.5,14.8,15.399999999999999,0.0,5.0
Ormonde Man Eau de Parfum,Ormonde Jayne,3.8,17.200000000000003,1.6,19.3,19.1,2.9,1.0
Ormonde Woman Eau de Parfum,Ormonde Jayne,0.0,10.6,6.699999999999999,11.3,5.0,5.0,1.0
Santo Incienso Extrait de Parfum,The Different Company,5.2,12.4,0.0,8.0,14.3,0.0,2.0
Dragonfly Eau de Parfum,Zoologist,4.2,4.7,11.299999999999999,3.4000000000000004,2.9000000000000004,4.800000000000001,2.0
United Arab Emirates Aoud Extrait de Parfum,Roja Parfums,1.8,18.500000000000004,15.9,0.0,8.5,16.0,0.0
La Douceur de Siam Eau de Parfum,Dusita,3.1,17.400000000000002,13.6,15.599999999999998,6.4,13.799999999999999,2.0
Le Sillage Blanc Eau de Parfum,Dusita,8.8,9.6,13.3,5.4,12.0,1.4,5.4
Vespero Parfum Extrait,Jeroboam,3.6,10.399999999999999,1.8,1.4,7.5,1.8,0.0
Santal Complet Eau de Parfum,Fragrance du Bois,5.6,16.900000000000002,1.5,11.6,10.9,6.200000000000001,1.0
Hacivat Extrait de Parfum,Nishane,8.399999999999999,1.6,3.6,7.1000000000000005,9.2,3.6,3.2
Karagoz Extrait de Parfum,Nishane,4.199999999999999,10.0,3.2,6.000000000000001,5.6,3.2,1.0
Zenne Extrait de Parfum,Nishane,3.6,11.0,8.4,3.6,8.4,7.0,0.0
Hundred Silent Ways Extrait de Parfum,Nishane,0.0,5.0,11.1,5.2,6.3,11.100000000000001,0.0
Fan Your Flames Extrait de Parfum,Nishane,1.8,8.5,0.0,14.7,20.200000000000003,0.0,0.0
Afrika-Olifant Extrait de Parfum,Nishane,2.0,15.8,0.0,1.2,14.3,1.4,1.2
Ambra Calabria Extrait de Parfum,Nishane,6.699999999999999,15.200000000000001,11.4,4.800000000000001,1.3,9.600000000000001,4.0
Sultan Vetiver Extrait de Parfum,Nishane,5.199999999999999,12.8,5.0,28.8,29.0,3.2,3.2
Suede et Safran Extrait de Parfum,Nishane,0.0,9.600000000000001,0.0,6.4,11.0,0.0,0.0
Pachuli Kozha Extrait de Parfum,Nishane,3.0,21.7,1.6,5.3999999999999995,7.1,1.4,1.0
Tuberoza Extrait de Parfum,Nishane,3.2,4.8,13.600000000000001,8.4,7.6,4.6,0.0
A City On Fire Eau de Parfum,Imaginary Authors,0.0,4.7,0.0,3.1,6.4,0.0,0.0
Slow Explosions Eau de Parfum,Imaginary Authors,0.0,2.0,3.6,0.0,2.0,3.6,0.0
Saint Julep Eau de Parfum,Imaginary Authors,12.0,0.0,0.0,0.0,0.0,4.199999999999999,0.0
Garage Eau de Toilette,Comme des Garcons: Olfactory Library,0.0,4.0,1.8,1.6,5.8,1.8,0.0
Soda Eau de Toilette,Comme des Garcons: Olfactory Library,2.7,1.4,1.7,0.0,1.3,0.0,0.0
Tar Eau de Toilette,Comme des Garcons: Olfactory Library,1.8,2.0,0.0,0.0,2.0,0.0,0.0
Palisander Eau de Toilette,Comme des Garcons: Olfactory Library,1.6,5.2,0.0,6.6,7.9,0.0,1.0
Sequoia Eau de Toilette,Comme des Garcons: Olfactory Library,1.6,2.2,1.8,0.0,0.0,1.8,1.0
Eau de Cologne Eau de Toilette,Comme des Garcons: Olfactory Library,10.0,3.6,3.4000000000000004,3.2,1.6,1.8,4.2
Calamus Eau de Toilette,Comme des Garcons: Olfactory Library,0.0,0.0,3.4000000000000004,0.0,0.0,3.2,1.0
Sticky Cake Eau de Toilette,Comme des Garcons: Olfactory Library,1.2,1.8,4.8,2.8,0.0,4.6,0.0
Nomad Tea Eau de Toilette,Comme des Garcons: Olfactory Library,13.0,0.0,3.2,4.8,3.6,0.0,4.0
Aprilis Parfum,Santa Eulalia,7.4,0.0,11.6,1.8,1.8,7.2,3.4
Citric Parfum,Santa Eulalia,11.8,1.5,3.2,1.5,0.0,0.0,5.6
Marinis Parfum,Santa Eulalia,14.599999999999998,1.6,0.0,1.7,1.6,0.0,2.2
Nectar Parfum,Santa Eulalia,3.0,4.4,1.7,0.0,1.2,6.4,0.0
Obscuro Parfum,Santa Eulalia,1.2,12.0,0.0,1.6,9.0,0.0,0.0
Noble VIII Immortelle Parfum Extrait,Clive Christian,5.2,0.0,0.0,1.2,6.6000000000000005,2.8,1.0
Palace Oud Fragrance Oil,Thameen,1.2,23.8,7.2,12.0,25.299999999999997,7.2,0.0
Rosa Greta Eau de Parfum,Eau d'Italie,6.4,0.0,3.6,0.0,0.0,5.0,2.0
Santal Noble Eau de Parfum,Maitre Parfumeur et Gantier,0.0,17.5,0.0,11.0,9.899999999999999,3.2,0.0
This Is Not A Blue Bottle Eau de Parfum,Histoires de Parfums,0.0,7.8999999999999995,1.8,5.6000000000000005,1.3,3.2,2.4
Incident Diplomatique Eau de Parfum,Jovoy Paris,2.0,7.9,0.0,13.700000000000001,10.4,1.4,1.2
1899 Travel Spray Eau de Parfum,Histoires de Parfums,5.2,6.2,2.9,6.4,3.6,1.6,0.0
1828 Travel Spray Eau de Parfum,Histoires de Parfums,5.8,3.5,0.0,4.8,6.1000000000000005,0.0,1.2
Close Up Eau de Parfum,Olfactive Studio,1.6,24.1,5.0,8.4,5.3,3.2,3.0
Aqua Universalis Scented Hair Mist,Maison Francis Kurkdjian,4.0,0.0,3.5,0.0,0.0,5.4,1.0
A la Rose Scented Hair Mist,Maison Francis Kurkdjian,3.0,1.4,6.9,1.7,2.9000000000000004,7.6000000000000005,0.0
Remarkable People Eau de Parfum,Etat Libre d'Orange,6.6000000000000005,9.0,3.6,10.7,3.2,6.5,0.0
Bull's Blood Eau de Parfum,Imaginary Authors,0.0,3.0,1.8,2.0,3.3,1.8,0.0
Cape Heartache Eau de Parfum,Imaginary Authors,0.0,3.8000000000000003,0.0,0.0,0.0,1.6,0.0
Every Storm A Serenade Eau de Parfum,Imaginary Authors,1.6,3.2,0.0,3.2,3.6,0.0,1.0
Falling Into The Sea Eau de Parfum,Imaginary Authors,9.6,1.3,1.8,1.2,0.0,1.8,0.0
Memoirs of a Trespasser Eau de Parfum,Imaginary Authors,1.6,6.0,0.0,2.8,1.6,3.2,1.0
The Cobra & The Canary Eau de Parfum,Imaginary Authors,2.0,4.0,0.0,2.0,7.6,0.0,0.0
The Soft Lawn Eau de Parfum,Imaginary Authors,2.8,1.4,0.0,1.6,3.1,0.0,2.0
Yesterday Haze Eau de Parfum,Imaginary Authors,0.0,1.8,4.5,0.0,0.0,0.0,1.0
Empathy Eau de Parfum,The House Of Oud,0.0,11.6,0.0,8.799999999999999,15.100000000000001,3.7,0.0
Altruist Eau de Parfum,J.F. Schwarzlose,13.999999999999998,7.499999999999999,4.800000000000001,10.3,5.0,1.8,3.2
Leder 6 Eau de Parfum,J.F. Schwarzlose,0.0,19.0,0.0,2.4,11.1,4.800000000000001,0.0
Zeitgeist Eau de Parfum,J.F. Schwarzlose,5.2,6.3,0.0,2.8,1.3,1.5,0.0
Rausch Eau de Parfum,J.F. Schwarzlose,0.0,18.2,0.0,9.4,10.7,3.2,0.0
IA-33 Eau de Parfum,J.F. Schwarzlose,1.5,0.0,6.5,1.4,0.0,5.2,0.0
Kai Rose - Perfume Oil Roll-on Perfume Oil,Kai,3.2,0.0,17.4,0.0,0.0,17.6,3.0
Blossom Love Eau de Parfum,Amouage,2.6,9.8,6.800000000000001,5.2,3.2,10.000000000000002,1.0
Epidor Eau de Parfum,Lubin,4.800000000000001,9.8,11.2,3.5,3.2,11.400000000000002,1.0
Sole di Positano Eau de Parfum,TOM FORD Private Blend,23.799999999999997,0.0,13.0,0.0,0.0,3.6,7.8
Absolue d'Osmanthe Eau de Parfum,Perris Monte Carlo,3.2,7.4,10.8,3.0,3.6,18.4,2.0
Santal du Pacifique Eau de Parfum,Perris Monte Carlo,0.0,4.0,3.3,13.0,10.6,1.8,0.0
Vanille Blackberry,Comptoir Sud Pacifique,11.6,16.2,10.8,0.0,2.6,21.7,1.0
Une Tonne de Roses Eau de Parfum,Parle Moi de Parfum,2.8,7.800000000000001,19.400000000000002,1.4,1.3,16.2,4.0
Flavia Vanilla Eau de Parfum,Parle Moi de Parfum,3.2,15.000000000000002,3.4000000000000004,0.0,1.6,11.400000000000002,3.0
Totally White Eau de Parfum,Parle Moi de Parfum,0.0,1.4,0.0,0.0,1.3,0.0,0.0
Cedar Woodpecker Eau de Parfum,Parle Moi de Parfum,4.0,0.0,6.1,15.4,16.8,1.6,3.4
Milky Musk Eau de Parfum,Parle Moi de Parfum,0.0,9.5,1.6,4.8,9.7,0.0,1.0
Tomboy Neroli Eau de Parfum,Parle Moi de Parfum,11.399999999999999,7.199999999999999,4.6,5.0,3.1,1.8,1.0
Woody Perfecto Eau de Parfum,Parle Moi de Parfum,0.0,18.900000000000002,0.0,12.600000000000001,20.599999999999998,0.0,0.0
Satori Eau de Parfum,Parfum Satori,1.8,23.500000000000004,0.0,16.2,8.8,6.0,0.0
Iris Homme Eau de Parfum,Parfum Satori,7.2,6.4,17.4,10.799999999999999,8.9,5.4,2.2
Hana Hiraku Eau de Parfum,Parfum Satori,4.0,1.4,9.7,5.8,2.9000000000000004,6.4,1.0
Wasanbon Eau de Parfum,Parfum Satori,6.4,4.4,6.300000000000001,1.4,0.0,4.6,0.0
Io Non Ho Mani Che Mi Accarezzino il Volto Extrait de Parfum,UNUM,3.6,14.3,1.5,19.0,15.0,0.0,0.0
Black Phantom Eau de Parfum,By Kilian,1.6,20.200000000000003,1.4,11.200000000000001,8.200000000000001,3.0,5.8
Citizen X Eau de Parfum,Ex Nihilo,1.2,6.0,3.0,1.6,7.4,0.0,0.0
Bracken Woman Eau de Parfum,Amouage,0.0,12.600000000000001,11.3,6.800000000000001,9.6,5.0,2.0
Brooklyn Eau de Parfum,Gallivant,10.8,7.1,0.0,4.7,3.1,0.0,3.2
Istanbul Eau de Parfum,Gallivant,1.8,16.4,0.0,6.5,8.899999999999999,6.0,0.0
London Eau de Parfum,Gallivant,0.0,5.6,6.9,4.9,7.199999999999999,5.4,0.0
Tel Aviv Eau de Parfum,Gallivant,3.4000000000000004,2.7,3.6,3.0,4.5,6.4,1.0
La Tosca Eau de Parfum,Xerjoff - Casamorati,5.2,9.4,11.500000000000002,1.6,1.3,8.600000000000001,3.2
Mirabilis Eau de Parfum,L'Artisan Parfumeur,0.0,8.8,0.0,4.4,5.6,0.0,1.0
Arcana Rosa Eau de Parfum,L'Artisan Parfumeur,0.0,1.6,10.8,6.7,8.4,10.8,0.0
Tenebrae Eau de Parfum,L'Artisan Parfumeur,1.2,5.6,0.0,0.0,3.0,1.4,0.0
You Or Someone Like You Eau de Parfum,Etat Libre d'Orange,5.0,0.0,1.8,0.0,0.0,3.3,2.0
Violaceum Eau de Parfum,L'Artisan Parfumeur,0.0,4.0,7.8,0.0,4.0,3.4000000000000004,0.0
Venenum Eau de Parfum,L'Artisan Parfumeur,1.2,1.8,0.0,3.6,3.2,0.0,0.0
Nisean Eau de Parfum,Parfums de Marly,1.2,8.600000000000001,0.0,1.4,5.9,1.4,0.0
Acqua e Zucchero Body Cream Scented Body Cream,Profumum,1.6,2.2,1.4,0.0,0.0,3.0,0.0
Acqua di Sale Body Cream Scented Body Cream,Profumum,0.0,0.0,0.0,0.0,0.0,0.0,0.0
Acqua Viva Body Cream Scented Body Cream,Profumum,2.0,0.0,0.0,0.0,0.0,0.0,0.0
Dulcis in Fundo Body Cream Scented Body Cream,Profumum,3.6,4.800000000000001,0.0,2.4,0.0,3.0,2.2
Confetto Body Cream Scented Body Cream,Profumum,1.0,0.0,0.0,0.0,0.0,1.4,0.0
Vanitas Body Cream Scented Body Cream,Profumum,0.0,2.2,0.0,0.0,0.0,3.0,0.0
Feu Secret Eau de Parfum,Bruno Fazzolari,3.2,6.2,6.0,8.0,6.6000000000000005,4.6,1.2
Musc Gold Perfume Oil,Bruno Acampora,1.4,9.9,5.1,6.000000000000001,4.2,5.2,0.0
Musc Gold Extrait Parfum Extrait,Bruno Acampora,1.4,9.9,5.1,6.000000000000001,4.2,5.2,0.0
Cypress Shade Eau de Parfum,The House Of Oud,9.0,6.0,4.6,10.0,16.599999999999998,1.6,3.0
Dates Delight Eau de Parfum,The House Of Oud,1.0,18.500000000000004,3.4,10.999999999999998,7.5,6.4,0.0
Golden Powder Eau de Parfum,The House Of Oud,1.2,26.900000000000002,0.0,28.999999999999996,17.6,4.800000000000001,0.0
Grape Pearls Eau de Parfum,The House Of Oud,0.0,17.1,3.6,4.6,3.2,6.800000000000001,0.0
Almond Harmony Eau de Parfum,The House Of Oud,6.4,15.0,13.0,0.0,8.299999999999999,11.8,2.0
Blessing Silence Eau de Parfum,The House Of Oud,0.0,29.000000000000004,7.2,1.8,22.099999999999998,7.2,0.0
Breath Of The Infinite Eau de Parfum,The House Of Oud,0.0,7.2,3.4,1.8,8.2,3.2,0.0
Clandestine Clara Eau de Parfum,Penhaligons,0.0,18.200000000000003,0.0,6.800000000000001,1.3,6.8,0.0
Riviere Extrait de Parfum,Thameen,4.0,21.8,3.6,10.600000000000001,7.8,3.6,0.0
Blackmusk Eau de Parfum,Mad et Len,0.0,3.4,0.0,1.6,1.3,0.0,0.0
Durga Eau de Parfum,D.S. and Durga,1.6,1.4,14.5,0.0,1.3,8.3,2.0
The Noir 29 Perfume Oil,Le Labo,4.8,2.8,0.0,11.0,11.4,0.0,0.0
Aqua Celestia Eau de Toilette,Maison Francis Kurkdjian,9.8,4.6,0.0,0.0,2.6,0.0,2.0
Dandelion Fig Eau de Parfum,Shay & Blue,1.6,0.0,6.200000000000001,0.0,0.0,0.0,4.0
Rhinoceros Extrait de Parfum,Zoologist,1.8,13.6,1.4,11.899999999999999,19.900000000000002,0.0,0.0
Macaque Eau de Parfum,Zoologist,1.5,9.600000000000001,19.200000000000003,7.8,11.600000000000001,5.0,6.0
Nightingale Extrait de Parfum,Zoologist,9.799999999999999,14.200000000000003,10.0,4.8,10.0,5.4,3.2
Hummingbird Extrait de Parfum,Zoologist,2.0,5.4,13.299999999999999,7.6000000000000005,2.9000000000000004,9.600000000000001,2.2
Beaver Eau de Parfum,Zoologist,6.6,9.6,11.4,2.8,5.3,5.2,4.0
Civet Extrait de Parfum,Zoologist,5.8,18.8,9.200000000000001,3.2,6.8,5.0,2.2
Oud Wood Body Spray Scented Body Spray,TOM FORD Private Blend,0.0,28.1,0.0,4.9,14.4,3.2,0.0
Cacti Eau de Parfum,Regime des Fleurs,7.0,4.0,1.8,3.2,0.0,4.6,0.0
Glass Blooms Eau de Parfum,Regime des Fleurs,0.0,4.6,8.700000000000001,1.8,4.2,8.4,0.0
Falling Trees Eau de Parfum,Regime des Fleurs,1.6,3.2,0.0,1.4,0.0,0.0,1.0
Gold Leaves Eau de Parfum,Regime des Fleurs,0.0,5.0,3.3,4.6,0.0,1.8,1.0
Kismet Eau de Parfum,Lubin,7.6,9.2,5.4,0.0,0.0,10.000000000000002,0.0
Black Afghan Eau de Parfum,Mad et Len,0.0,5.2,0.0,1.6,4.8,0.0,0.0
Fuego Flores Eau de Parfum,Mad et Len,0.0,0.0,0.0,0.0,0.0,0.0,0.0
Vetyver Bucolique Eau de Parfum,Mad et Len,3.2,0.0,1.6,3.2,3.6,2.8,2.0
Clementine California Cologne Absolue,Atelier Cologne,8.8,0.0,0.0,5.0,6.4,1.4,5.4
Bass Solo Eau de Parfum,The Vagabond Prince,2.7,15.3,1.8,17.4,11.100000000000001,1.8,0.0
Amber Flush Body Oil Scented Body Oil,Tauer Perfumes,3.0,13.999999999999998,0.0,9.600000000000001,0.0,1.6,0.0
Rose Delight Body Oil Scented Body Oil,Tauer Perfumes,1.2,3.6,9.0,1.2,0.0,9.0,0.0
11 Eau de Parfum,Boris Bidjan Saberi,1.6,10.0,0.0,0.0,12.2,0.0,3.4
Au Dela Narcisse Eau de Parfum,Bruno Fazzolari,6.6,3.6,5.0,1.6,0.0,3.6,2.0
I Feel Love Eau de Parfum,Cinnamon Projects,0.0,11.799999999999999,3.0,6.800000000000001,3.9,0.0,0.0
Contre Bombarde 32 Extrait de Parfum,Filippo Sorcinelli - SAUF,0.0,8.2,0.0,8.4,6.300000000000001,1.6,0.0
Plein Jeu III-V Extrait de Parfum,Filippo Sorcinelli - SAUF,5.6,3.6,5.2,6.699999999999999,7.8,5.2,2.0
Voix Humaine 8 Extrait de Parfum,Filippo Sorcinelli - SAUF,3.4000000000000004,16.299999999999997,5.0,4.3,7.8,6.6,0.0
Mississippi Medicine Pocket Perfume Perfume Oil,D.S. and Durga,0.0,2.0,0.0,4.8,6.300000000000001,0.0,0.0
Bowmakers Pocket Perfume Perfume Oil,D.S. and Durga,1.2,8.100000000000001,0.0,8.9,3.2,1.4,0.0
Debaser Pocket Perfume Perfume Oil,D.S. and Durga,1.8,4.9,6.2,6.2,3.6,1.5,2.0
Devil Tender Eau de Parfum,Ex Nihilo,6.199999999999999,1.6,5.4,8.6,8.0,11.200000000000001,1.0
Sublimes Essences Musc Perfume Oil,Ex Nihilo,3.2,11.8,8.2,3.2,4.8,7.0,1.0
Parfums de Nicolai - Eau de Yuzu travel spray,Luckyscent Gifts With Purchase,4.0,0.0,0.0,0.0,0.0,0.0,0.0
Soft Tension Eau de Parfum,Andrea Maack Parfums,1.6,4.199999999999999,3.4000000000000004,1.7,5.5,1.8,2.0
Arbole Eau de Parfum,Hiram Green Perfumes,0.0,11.2,6.4,10.8,6.4,6.200000000000001,4.0
The Tragedy of Lord George Eau de Parfum,Penhaligons,0.0,4.9,0.0,2.8,0.0,1.6,1.0
The Revenge of Lady Blanche Eau de Parfum,Penhaligons,0.0,0.0,3.4000000000000004,0.0,0.0,3.4000000000000004,1.0
Much Ado About the Duke Eau de Parfum,Penhaligons,0.0,5.6,7.2,3.4000000000000004,11.8,7.2,0.0
The Coveted Duchess Rose Eau de Parfum,Penhaligons,1.6,1.4,10.8,1.8,3.1,10.8,1.0
Into The Void Eau de Parfum,Juliette Has a Gun,1.2,9.400000000000002,0.0,4.1,1.6,1.6,0.0
Au Coeur du Desert Parfum Extrait,Tauer Perfumes,1.2,10.900000000000002,0.0,4.6,4.800000000000001,0.0,0.0
Sheiduna Parfum Extrait,Puredistance,2.0,15.399999999999999,3.6,11.0,6.7,8.200000000000001,0.0
Graphite Eau de Parfum,Mad et Len,1.2,1.8,0.0,0.0,0.0,0.0,1.0
Black Uddu Eau de Parfum,Mad et Len,0.0,10.8,3.3,6.6000000000000005,6.8999999999999995,1.8,0.0
Covent Garden Eau de Parfum,Jack Perfume,6.2,1.4,3.6,0.0,1.3,3.6,3.5999999999999996
Red Musc Eau de Parfum,Mad et Len,1.2,2.8,0.0,0.0,2.6,0.0,0.0
Terre Noire Eau de Parfum,Mad et Len,1.2,1.6,0.0,3.4000000000000004,3.4000000000000004,0.0,0.0
Picadilly '69 Eau de Parfum,Jack Perfume,6.4,9.6,3.2,4.699999999999999,7.6,0.0,3.0
Jack Eau de Parfum,Jack Perfume,5.0,11.7,0.0,10.1,11.799999999999999,0.0,1.2
Eau Sacree Extrait de Parfum,HEELEY,0.0,22.8,0.0,10.999999999999998,13.6,1.4,0.0
Arabian Horse Eau de Parfum,"Pierre Guillaume Paris, Parfumerie Generale",0.0,7.0,5.0,1.6,3.3,1.8,2.0
Cuir Andalou Eau de Parfum,Rania J.,2.8,13.3,11.4,8.8,16.599999999999998,7.0,0.0
1962 Eau de Parfum,Floris London,3.6,13.0,9.9,9.399999999999999,6.0,3.6,2.0
1976 Eau de Parfum,Floris London,10.0,10.0,3.4000000000000004,6.6000000000000005,7.4,1.8,1.0
Mmmm... Eau de Parfum,Juliette Has a Gun,2.8,5.4,4.8,3.6,3.2,3.4000000000000004,0.0
Russian Leather Eau de Parfum,MEMO,3.6,16.7,1.6,4.9,16.0,0.0,1.0
Incense Oud Eau de Parfum,PARFUMS DE NICOLAI,1.6,44.6,1.8,4.699999999999999,32.5,3.2,1.0
Lilac Love Eau de Parfum,Amouage,1.6,12.5,14.9,3.0,1.6,12.0,1.0
Le Barbier de Tanger Eau de Parfum,Parfums MDCI,4.8,8.7,1.5,4.5,7.4,0.0,3.0
Noir de Noir Body Spray Scented Body Spray,TOM FORD Private Blend,0.0,8.0,1.8,1.6,1.9,3.4000000000000004,2.4
Tobacco Vanille Body Spray Scented Body Spray,TOM FORD Private Blend,0.0,9.8,0.0,7.8,8.2,3.2,0.0
Tuscan Leather Body Spray Scented Body Spray,TOM FORD Private Blend,0.0,9.8,0.0,1.2,8.0,1.4,3.4
Ambre Loup Eau de Parfum,Rania J.,0.0,29.9,0.0,14.299999999999999,5.5,4.6,0.0
Jasmin Kama Eau de Parfum,Rania J.,7.199999999999999,6.800000000000001,10.8,3.2,2.9000000000000004,18.6,2.2
T. Habanero Eau de Parfum,Rania J.,0.0,18.1,0.0,21.299999999999997,26.700000000000003,1.5,0.0
Lavande 44 Eau de Parfum,Rania J.,5.4,16.400000000000002,1.6,1.6,8.1,0.0,3.2
Oud Assam Eau de Parfum,Rania J.,3.4000000000000004,36.2,0.0,6.5,33.800000000000004,1.4,1.0
Larmes du Desert Eau de Parfum,Atelier des Ors,2.0,15.0,0.0,7.700000000000001,4.6,0.0,1.2
Lune Feline Eau de Parfum,Atelier des Ors,0.0,24.400000000000002,1.6,8.3,2.9000000000000004,4.6,1.0
Rose Omeyyade Eau de Parfum,Atelier des Ors,0.0,12.900000000000002,18.0,6.2,5.4,19.5,0.0
Bapteme du Feu Eau de Parfum,Serge Lutens,2.8,7.0,0.0,3.5,4.4,2.8,1.0
Green Pearl Eau de Parfum,Thameen,10.6,8.399999999999999,14.4,1.6,2.6,0.0,10.2
Amber Aoud Extrait de Parfum,Roja Parfums,5.3,23.0,7.2,6.8,12.0,8.6,0.0
Musk Aoud Extrait de Parfum,Roja Parfums,3.8,24.000000000000004,3.6,4.5,16.7,5.2,0.0
Diaghilev Extrait de Parfum,Roja Parfums,7.1,15.1,8.4,8.1,8.5,7.0,0.0
Nuwa Extrait de Parfum,Roja Parfums,3.8,12.6,12.600000000000001,7.200000000000001,3.4000000000000004,12.600000000000001,0.0
Ambre Mythique Eau de Parfum,Maitre Parfumeur et Gantier,1.8,28.400000000000002,0.0,9.8,4.6,4.6,0.0
White Zagora Eau de Toilette,The Different Company,9.4,8.8,8.3,4.800000000000001,2.6,9.9,2.0
New Sibet Extrait de Parfum,Slumberhouse,1.8,4.0,1.5,0.0,4.0,0.0,0.0
Blueberry Musk Eau de Parfum,Shay & Blue,3.2,13.5,4.6,2.4,9.1,1.8,0.0
Grand Soir Eau de Parfum,Maison Francis Kurkdjian,0.0,14.5,0.0,2.8,0.0,3.2,0.0
Iris Bleu Gris Eau de Parfum,Maitre Parfumeur et Gantier,11.2,3.6,14.2,4.6,9.3,10.600000000000001,4.2
Petit Matin Eau de Parfum,Maison Francis Kurkdjian,6.800000000000001,1.4,3.2,0.0,1.3,1.8,0.0
Noble VII Cosmos Flower Extrait de Parfum,Clive Christian,0.0,13.4,5.1,4.4,4.0,10.2,0.0
Issara Extrait de Parfum,Dusita,2.8,8.0,1.4,10.200000000000001,11.399999999999999,0.0,1.0
Melodie de l'Amour Extrait de Parfum,Dusita,4.800000000000001,2.8,19.6,6.199999999999999,5.800000000000001,13.1,3.0
Oudh Infini Extrait de Parfum,Dusita,1.6,10.200000000000001,5.0,1.8,6.7,5.2,0.0
Vodka on the Rocks Eau de Parfum,By Kilian,4.4,3.0,3.5,4.8,1.6,1.8,1.2
Noble VII Rock Rose Extrait de Parfum,Clive Christian,10.399999999999999,7.2,13.8,6.4,5.800000000000001,10.8,3.4
Mojave Ghost Roll-on Oil Perfume Oil,BYREDO,1.2,4.5,3.0,6.5,4.800000000000001,0.0,0.0
Suede Hand Wash,BYREDO,7.000000000000001,5.4,4.9,3.2,1.3,0.0,1.0
Suede Hand Lotion,BYREDO,5.800000000000001,2.0,3.2,1.6,0.0,0.0,1.0
Seminalis Parfum,Orto Parisi,0.0,0.0,0.0,0.0,0.0,0.0,0.0
Layton Eau de Parfum,Parfums de Marly,6.800000000000001,10.8,4.8,6.1000000000000005,6.0,5.0,2.0
Amber Sky Eau de Parfum,Ex Nihilo,3.0,27.400000000000002,0.0,21.7,3.2,1.6,2.4
Oud Sublime Elixir de Parfum,PARFUMS DE NICOLAI,0.0,35.400000000000006,5.4,6.4,26.3,5.4,0.0
Aurum Eau de Parfum,Kemi,9.799999999999999,19.000000000000004,7.2,0.0,9.0,11.0,2.2
Rose Atlantic Eau de Parfum,D.S. and Durga,11.2,0.0,9.0,0.0,0.0,10.5,4.6
White Peacock Lily Eau de Parfum,D.S. and Durga,5.2,2.2,17.1,1.4,0.0,7.0,1.0
Radio Bombay Eau de Parfum,D.S. and Durga,0.0,5.7,1.5,8.3,9.0,0.0,0.0
Amber Room Eau de Parfum,Thameen,1.8,28.3,5.1,22.6,9.4,5.2,0.0
Gothic V- Perfume oil Perfume Oil Roll-On,Loree Rodkin,0.0,8.0,3.4000000000000004,0.0,6.0,1.8,1.0
Gothic IV- Perfume Oil Perfume Oil Roll-On,Loree Rodkin,3.2,4.800000000000001,1.8,1.6,3.8000000000000003,4.0,2.0
Indian Wood Eau de Parfum,"Pierre Guillaume Paris, Parfumerie Generale",9.4,10.2,0.0,13.0,3.4000000000000004,2.8,0.0
Le Musc & La Peau Eau de Parfum,"Pierre Guillaume Paris, Parfumerie Generale",3.0,16.700000000000003,0.0,7.5,5.800000000000001,1.6,0.0
Bergamotto di Positano Eau de Parfum,Floris London,15.6,5.5,1.4,2.8,0.0,1.6,5.6000000000000005
Floplum (Flor de Mayo) Eau de Parfum,Coqui Coqui,0.0,0.0,5.4,0.0,0.0,9.0,0.0
Coco Coco Eau de Parfum,Coqui Coqui,0.0,1.3,3.2,1.2,0.0,1.4,2.0
Maderas Eau de Parfum,Coqui Coqui,0.0,0.0,0.0,3.2,1.6,0.0,1.0
Rosas Frescas Eau de Parfum,Coqui Coqui,5.6,0.0,7.2,0.0,0.0,7.2,2.2
Rosas Secas Eau de Parfum,Coqui Coqui,0.0,0.0,5.4,5.2,4.0,8.4,2.4
Tabaco Eau de Parfum,Coqui Coqui,0.0,1.3,0.0,3.2,2.0,0.0,0.0
Flor de Naranjo Eau de Parfum,Coqui Coqui,8.0,0.0,5.6,0.0,0.0,0.0,1.0
Sable & Soleil Eau de Parfum,Phaedon,4.0,10.8,3.6,4.8,5.800000000000001,6.800000000000001,0.0
Sweet Vanilla Eau de Parfum,Montale,0.0,17.200000000000003,0.0,0.0,0.0,18.200000000000003,0.0
Oudmazing Eau de Parfum,Montale,10.6,23.600000000000005,8.4,1.4,16.2,8.600000000000001,3.2
L'Attesa Eau de Parfum,Masque Milano,7.6,5.8,25.4,3.6,7.2,7.2,6.4
Bertrand Duchaufour Eau de Toilette,Project Renegades,5.6,5.0,1.5,4.6,0.0,1.4,1.0
Geza Schoen Eau de Toilette,Project Renegades,10.1,4.9,3.1,6.5,7.500000000000001,3.0,3.2
Mark Buxton Eau de Toilette,Project Renegades,1.6,14.7,10.100000000000001,9.399999999999999,11.4,5.4,3.0
Bohea Boheme Eau de Parfum,Mona di Orio,3.6,11.100000000000001,6.4,7.700000000000001,3.2,6.4,1.0
Azzurro di Capri Extrait Parfum Extrait,Bruno Acampora,9.600000000000001,8.3,9.8,6.1000000000000005,2.9000000000000004,3.6,1.0
Marfa Eau de Parfum,MEMO,3.2,3.6,7.3,5.9,4.5,5.9,0.0
Colonia No. 1 Eau de Cologne,Antica Barbieria Colla,9.0,3.2,3.3,0.0,3.8000000000000003,1.8,4.4
Colonia No. 4 Eau de Cologne,Antica Barbieria Colla,6.8,0.0,1.8,0.0,1.2,4.0,0.0
Carved Oud Extrait de Parfum,Thameen,0.0,21.200000000000003,0.0,3.3,16.099999999999998,0.0,0.0
Peacock Throne Eau de Parfum,Thameen,4.0,10.600000000000001,10.8,6.4,4.6000000000000005,15.4,0.0
Noorolain Taif Eau de Parfum,Thameen,1.2,6.800000000000001,12.6,3.2,3.1,12.6,0.0
Regent Leather Eau de Parfum,Thameen,4.0,19.0,0.0,3.4,11.2,3.2,1.2
Perfect Vanilla Roll-on Perfume Oil,Sarah Horowitz Parfums,0.0,11.900000000000002,0.0,3.2,2.0,6.4,0.0
Mediterraneo Parfum,Carthusia,7.0,0.0,3.2,0.0,0.0,0.0,2.0
Fiori di Capri Parfum,Carthusia,0.0,3.6,3.4,6.6,3.2,0.0,0.0
Love Shot Eau de Parfum,Ex Nihilo,1.8,12.2,8.8,3.0,8.4,10.200000000000001,0.0
Geisha Vanilla Hinoki- Eau de Parfum,Aroma M,1.8,18.200000000000003,0.0,0.0,2.0,8.0,0.0
Geisha Vanilla Hinoki Roll-on perfume oil,Aroma M,1.8,18.200000000000003,0.0,0.0,2.0,8.0,0.0
Super Cedar Eau de Parfum,BYREDO,0.0,4.1,3.6,12.899999999999999,14.2,3.6,1.0
Miss Marisa Fragrance Oil,Ebba,6.800000000000001,0.0,0.0,0.0,0.0,0.0,2.0
Fetes Persanes Eau de Parfum,Parfums MDCI,1.8,26.200000000000003,1.8,16.4,7.7,6.6000000000000005,0.0
00 Auriel Eau de Parfum,Odin,0.0,7.6,10.4,1.8,3.8000000000000003,10.8,0.0
Yu Son Eau de Parfum,ALTAIA,5.800000000000001,4.9,7.8999999999999995,2.8,0.0,1.8,2.0
The exact friction of stars Perfume Oil roll-on,Pilar and Lucy,0.0,5.7,0.0,1.2,0.0,3.2,0.0
The exact friction of stars Eau de Parfum,Pilar and Lucy,0.0,5.7,0.0,1.2,0.0,3.2,0.0
By Any Other Name Eau de Parfum,ALTAIA,5.2,1.4,12.2,1.7,2.9000000000000004,11.8,1.0
Ennui Noir Parfum Extrait,UNUM,1.2,9.4,0.0,4.9,5.2,4.6,0.0
Symphonie Passion Parfum Extrait,UNUM,8.0,1.4,3.4,11.6,11.3,4.6,1.0
Moonlight in Heaven Eau de Parfum,By Kilian,9.399999999999999,3.6,0.0,3.2,3.6,0.0,1.2
Sweet Morphine Eau de Parfum,Ex Nihilo,1.6,6.6000000000000005,8.0,1.8,1.8,16.2,2.0
La Tulipe Hair Perfume,BYREDO,1.2,0.0,3.4000000000000004,3.2,3.6,1.8,2.0
Mojave Ghost Hair Perfume,BYREDO,2.4,4.5,3.0,6.5,4.800000000000001,0.0,0.0
Sancti Eau de Parfum,Liquides Imaginaires,7.8,16.7,0.0,10.5,12.0,0.0,1.2
Fortis Eau de Parfum,Liquides Imaginaires,1.0,15.100000000000001,0.0,10.9,11.9,4.7,0.0
Dom Rosa Eau de Parfum,Liquides Imaginaires,1.8,7.2,7.2,8.3,8.2,8.7,0.0
Bloody Wood Eau de Parfum,Liquides Imaginaires,0.0,0.0,5.1,9.399999999999999,5.2,9.5,0.0
Bello Rabelo Eau de Parfum,Liquides Imaginaires,1.6,4.0,0.0,4.800000000000001,0.0,2.8,1.0
Tellus Eau de Parfum,Liquides Imaginaires,0.0,6.4,0.0,0.0,0.0,0.0,0.0
Ile Pourpre Eau de Parfum,Liquides Imaginaires,1.8,4.9,1.5,2.9,4.3,0.0,0.0
Eau des Sens Eau de Toilette,Diptyque,1.6,3.2,1.8,1.8,1.8,1.8,1.0
Fruitchouli Eau de Parfum,Tauerville,0.0,7.500000000000001,3.6,1.2,1.3,8.2,0.0
The Orchid Man Eau de Parfum,Frapin,4.8,7.6,5.4,3.0,6.2,5.4,0.0
Nordic Noir,Agonist,6.4,6.6,0.0,11.8,9.5,1.6,1.0
Amyris Pour Homme Travel Set,Maison Francis Kurkdjian,0.0,1.8,1.5,0.0,2.2,0.0,0.0
Another Oud Eau de Parfum,Juliette Has a Gun,7.3999999999999995,23.4,0.0,0.0,18.4,1.4,1.2
Tacit Eau de Parfum,Aesop,9.2,1.6,3.2,6.200000000000001,4.8,0.0,5.2
Hermann Eau de Parfum,Etat Libre d'Orange,1.2,4.800000000000001,6.6,3.4000000000000004,5.800000000000001,3.6,0.0
Belle de Jour Eau de Parfum,ERIS Parfums,0.0,2.8,3.4000000000000004,0.0,2.6,4.0,1.0
Night Flower Eau de Parfum,ERIS Parfums,5.6,17.200000000000003,3.0,7.8,1.3,4.4,1.2
Ma Bete Eau de Parfum,ERIS Parfums,6.0,6.2,1.8,4.7,1.6,1.8,1.2
Aqua Universalis Travel Set,Maison Francis Kurkdjian,11.799999999999999,0.0,4.8,0.0,0.0,2.8,3.2
Royal Princess Oud Eau de Parfum,Creed,1.8,15.799999999999999,6.6,1.8,9.2,8.0,0.0
Audace Eau de Parfum,Profumum,0.0,1.8,0.0,9.4,12.0,0.0,0.0
Baccarat Rouge 540 Eau de Parfum,Maison Francis Kurkdjian,2.0,7.8,5.4,8.0,5.0,5.4,1.2
English Cherry Blossom Eau de Parfum,Shay & Blue,6.4,0.0,3.1,0.0,0.0,0.0,3.0
Soleil Blanc Eau de Parfum,TOM FORD Private Blend,0.0,4.0,5.4,3.2,0.0,5.4,0.0
Bergamote Soleil Cologne Absolue,Atelier Cologne,14.2,7.0,1.8,9.4,3.6,1.8,4.6
Farnesiana - Eau de Parfum,Caron,0.0,0.0,0.0,1.8,1.6,2.8,0.0
French Cancan - Eau de Parfum,Caron,1.6,3.6,11.500000000000002,3.4000000000000004,1.6,7.0,0.0
Kemi Eau de Parfum,Kemi,0.0,12.400000000000002,0.0,5.3,8.600000000000001,3.2,0.0
Hayat Eau de Parfum,Kemi,2.6,17.3,0.0,14.1,4.7,0.0,1.0
V - Accento Eau de Parfum,Xerjoff,4.0,17.0,8.4,7.200000000000001,4.4,8.600000000000001,2.4
V - Laylati Eau de Parfum,Xerjoff,0.0,10.4,1.6,7.4,9.8,3.2,1.0
V - Erba Pura Eau de Parfum,Xerjoff,5.8,8.9,1.8,4.4,1.3,6.300000000000001,1.2
Accord 119 - Eau de Parfum,Caron,0.0,7.199999999999999,5.4,3.4000000000000004,3.1,12.8,0.0
Purple Reign Eau de Parfum,April Aromatics,1.2,1.6,8.4,3.0,1.6,8.4,0.0
Les Indes Galantes Eau de Parfum,Parfums MDCI,4.8,31.000000000000004,0.0,11.600000000000001,10.3,4.800000000000001,0.0
Origino Parfum Extrait,Jeroboam,3.4000000000000004,2.8,0.0,4.5,1.6,0.0,2.0
Musc Infini Eau de Parfum,Ex Nihilo,4.8,15.2,3.6,0.0,5.2,6.800000000000001,0.0
Oud Vendome Eau de Parfum,Ex Nihilo,3.2,31.2,3.0,6.6,25.0,0.0,2.0
Venenum Kiss Eau de Parfum,Ex Nihilo,4.0,14.8,5.4,11.4,3.2,10.000000000000002,0.0
Intense Roses Musk Parfum Extrait,Montale,0.0,10.9,5.4,4.4,5.2,5.4,0.0
Insulo Parfum Extrait,Jeroboam,0.0,6.6000000000000005,1.8,0.0,0.0,6.6000000000000005,0.0
Hauto Parfum Extrait,Jeroboam,5.0,1.6,9.9,1.6,1.6,5.4,1.2
Oriento Parfum Extrait,Jeroboam,5.6,5.1000000000000005,5.4,3.0,3.5,6.800000000000001,1.0
Miksado Parfum Extrait,Jeroboam,4.8,8.4,0.0,3.4,6.7,3.1,0.0
Tea for Two Eau de Toilette,L'Artisan Parfumeur,1.6,12.700000000000001,1.6,7.6000000000000005,0.0,7.6000000000000005,2.0
Starry Nights Eau de Parfum,Montale,6.8,10.6,10.8,4.0,2.6,10.8,0.0
Upper Ten Eau de Parfum,Lubin,3.4000000000000004,17.6,5.0,18.6,13.5,3.6,0.0
LAVS Parfum Extrait,UNUM,0.0,14.5,1.8,6.300000000000001,4.2,4.6,0.0
Black Prestigium Eau de Parfum,Mancera,5.2,18.8,10.2,6.5,14.3,8.6,1.0
Shazam! Eau de Parfum,4160 Tuesdays,5.2,12.2,0.0,11.100000000000001,4.4,0.0,3.2
Aoud Vanille Eau de Parfum,Mancera,0.0,18.900000000000002,3.6,6.0,3.5,8.4,2.4
Hedonist Cassis Eau de Parfum,Viktoria Minya,3.2,4.0,5.2,3.4,6.2,5.0,2.0
Cologne 352 Eau de Parfum,Ex Nihilo,14.8,2.8,12.9,5.2,8.799999999999999,5.4,4.6
Bois d'Hiver Eau de Parfum,Ex Nihilo,0.0,9.0,0.0,9.6,7.4,3.2,1.0
Rose of No Man's Land Eau de Parfum,BYREDO,0.0,4.0,16.2,3.2,0.0,17.599999999999998,0.0
Opus 1144 Eau de Parfum,UNUM,1.8,19.8,6.6,3.6,12.2,6.800000000000001,2.4
Rosa Nigra Extrait de Parfum,UNUM,1.2,13.900000000000002,9.6,10.0,13.3,6.800000000000001,2.0
The Noir 29 Eau de Parfum,Le Labo,4.8,2.8,0.0,11.0,11.4,0.0,0.0
10 Corso Como Eau de Parfum,10 Corso Como,1.2,4.9,1.8,8.2,9.8,1.8,1.0
Tabac Tabou Extrait de Parfum,Parfum d'Empire,3.2,3.4,1.6,10.8,11.3,3.0,3.0
African Leather Eau de Parfum,MEMO,3.6,26.2,6.6,6.2,26.0,3.6,1.0
Chrysolithe Eau de Parfum,Olivier Durbano,3.2,9.1,10.200000000000001,9.6,11.600000000000001,6.800000000000001,5.0
Messy Sexy Just Rolled Out of Bed Eau de Parfum,A Lab on Fire,6.4,22.8,5.4,3.2,3.9000000000000004,21.4,2.0
Santal Eau de Toilette,Floris London,10.399999999999999,20.000000000000004,4.800000000000001,21.2,12.8,3.2,4.0
Elite Eau de Toilette,Floris London,9.4,12.600000000000001,1.6,13.3,15.500000000000002,0.0,2.2
No. 89 Eau de Toilette,Floris London,6.4,4.4,3.6,11.600000000000001,9.900000000000002,3.6,0.0
Voulez-Vous Coucher Avec Moi Eau de Parfum,By Kilian,1.4,4.4,8.1,1.8,1.6,6.800000000000001,0.0
Ambre Cashmere Intense Eau de Parfum,PARFUMS DE NICOLAI,6.0,37.400000000000006,6.3,10.600000000000001,2.9000000000000004,10.8,0.0
Oud Palao Eau de Parfum,Diptyque,0.0,30.400000000000002,3.6,7.0,21.9,6.800000000000001,0.0
Noir Exquis Eau de Parfum,L'Artisan Parfumeur,1.6,18.299999999999997,3.2,7.6,3.2,9.4,0.0
PHI Une Rose de Kandahar Eau de Parfum,Tauer Perfumes,3.6,22.6,18.0,19.6,17.8,22.7,0.0
Sotto La Luna Tuberose Eau de Parfum,Tauer Perfumes,1.6,11.100000000000001,33.5,4.6000000000000005,0.0,12.200000000000001,3.0
Jasmin Angelique Cologne Absolue,Atelier Cologne,9.6,10.4,18.6,5.6,2.7,10.8,5.0
Iris Cendre Eau de Parfum,Naomi Goodsir,6.0,7.1,28.0,8.4,4.0,6.9,3.4
Bahiana Eau de Parfum,Maitre Parfumeur et Gantier,2.0,3.4,3.2,2.8,1.3,2.9,3.2
Incense Flash Eau de Parfum,Tauerville,0.0,31.6,0.0,2.5999999999999996,23.5,0.0,0.0
Framboise Noire Eau de Parfum,Shay & Blue,0.0,4.4,4.8,0.0,3.8,4.6,0.0
Halfeti Eau de Parfum,Penhaligons,10.200000000000001,23.799999999999997,22.400000000000002,9.899999999999999,12.3,17.5,5.0
Ryder Eau de Parfum,Ex Idolo,0.0,6.2,3.6,12.399999999999999,6.0,9.399999999999999,2.4
Venetian Bergamot Eau de Parfum,TOM FORD Private Blend,17.6,3.8,3.0,5.1,3.2,4.3,2.0
La Vierge de Fer Eau de Parfum,Serge Lutens,2.9000000000000004,8.8,17.400000000000002,0.0,7.1,9.0,2.0
Don Eau de Parfum,Xerjoff - Join the Club,2.8,1.3,0.0,5.2,7.8,1.4,1.0
Mojave Ghost Eau de Parfum,BYREDO,1.2,4.5,3.0,6.5,4.800000000000001,0.0,0.0
Flowerhead Eau de Parfum,BYREDO,4.0,3.2,21.999999999999996,0.0,0.0,14.4,2.0
Monoscent G Eau de Parfum,What We Do Is Secret,2.4,1.4,1.8,0.0,1.3,1.8,1.0
Ambre Gris Eau de Parfum,Perris Monte Carlo,0.0,18.5,3.6,9.299999999999999,7.4,6.800000000000001,0.0
Essence de Patchouli Eau de Parfum,Perris Monte Carlo,0.0,19.500000000000004,5.1,7.7,6.5,6.800000000000001,0.0
Bois d'Oud Eau de Parfum,Perris Monte Carlo,8.4,26.400000000000002,5.0,3.3,16.2,9.700000000000001,2.0
Oud Imperial Eau de Parfum,Perris Monte Carlo,0.0,14.6,1.8,13.900000000000002,24.8,1.8,0.0
Rose de Taif Eau de Parfum,Perris Monte Carlo,6.8,4.5,16.2,3.1,2.9000000000000004,16.2,2.2
Patchouli Nosy Be Eau de Parfum,Perris Monte Carlo,0.0,21.7,0.0,7.7,5.0,3.2,0.0
Ylang Ylang Nosy Be Eau de Parfum,Perris Monte Carlo,9.0,7.9,15.399999999999999,7.199999999999999,3.4000000000000004,15.7,1.2
Atropa Belladonna Eau de Parfum,Shay & Blue,0.0,6.0,3.6,0.0,0.0,6.800000000000001,0.0
Amber Rose Eau de Parfum,Shay & Blue,0.0,13.8,18.0,9.600000000000001,0.0,21.599999999999998,0.0
Blood Oranges Eau de Parfum,Shay & Blue,4.4,7.4,0.0,3.4000000000000004,7.1,1.4,4.4
Blacks Club Leather Fragrance ConcentrÃ©e,Shay & Blue,0.0,15.8,0.0,0.0,14.0,0.0,0.0
Salt Caramel Eau de Parfum,Shay & Blue,0.0,7.6000000000000005,0.0,3.6,3.2,3.0,0.0
Watermelons Natural Spray,Shay & Blue,10.5,0.0,9.600000000000001,4.800000000000001,5.4,4.3,9.0
Oud Alif Fragrance ConcentrÃ©e,Shay & Blue,0.0,31.900000000000002,0.0,0.0,19.2,0.0,0.0
Honey Aoud Eau de Parfum,Montale,1.2,30.400000000000002,0.0,18.0,3.9,7.6000000000000005,0.0
Fleur de Portofino Eau de Parfum,TOM FORD Private Blend,7.199999999999999,2.2,6.800000000000001,2.8,0.0,8.5,0.0
Habdan Eau de Parfum,Parfums de Marly,2.4,16.200000000000003,3.6,5.6,0.0,5.0,2.4
Oajan Eau de Parfum,Parfums de Marly,0.0,24.700000000000003,0.0,9.2,1.3,3.2,0.0
Meliora Eau de Parfum,Parfums de Marly,1.6,5.800000000000001,10.4,1.8,3.1,15.100000000000001,2.0
Safanad Eau de Parfum,Parfums de Marly,3.2,9.700000000000001,6.5,7.6000000000000005,1.6,8.200000000000001,1.0
Galloway Eau de Parfum,Parfums de Marly,6.800000000000001,6.8,4.4,4.6,4.800000000000001,0.0,3.2
Essential 13 Sample Pack - Feminine,Luckyscent Sample Packs,0.0,0.0,0.0,0.0,0.0,6.6000000000000005,0.0
Godolphin Eau de Parfum,Parfums de Marly,1.6,6.0,8.8,4.9,8.6,10.200000000000001,2.0
Herod Eau de Parfum,Parfums de Marly,1.0,21.8,0.0,18.1,19.8,6.200000000000001,0.0
Centrepiece Eau de Parfum,4160 Tuesdays,3.0,5.800000000000001,6.800000000000001,6.199999999999999,4.5,9.600000000000001,2.0
Pegasus Eau de Parfum,Parfums de Marly,6.0,13.500000000000002,3.6,9.6,4.800000000000001,11.2,0.0
Ilha do Mel Eau de Parfum,MEMO,2.8,7.200000000000001,16.2,4.4,3.1,11.8,1.0
Cedrat Boise Eau de Parfum,Mancera,10.799999999999999,10.8,3.6,7.0,18.3,9.7,2.2
Wild Rose Aoud Eau de Parfum,Mancera,7.6,13.8,14.4,3.4000000000000004,8.6,16.0,0.0
Lemon Line Eau de Parfum,Mancera,20.8,4.8,1.8,1.6,3.8,3.4000000000000004,2.2
1888 Eau de Parfum,Xerjoff - Casamorati,2.8,6.0,6.800000000000001,6.800000000000001,5.2,3.6,2.0
Mefisto Eau de Parfum,Xerjoff - Casamorati,16.4,2.2,6.9,1.6,4.0,8.6,6.4
Fiero Eau de Parfum,Xerjoff - Casamorati,13.799999999999999,4.9,1.6,8.100000000000001,9.2,0.0,3.2
Regio Eau de Parfum,Xerjoff - Casamorati,7.6,12.100000000000001,5.4,3.1,5.1000000000000005,11.500000000000002,1.2
Amber & Roses Eau de Parfum,Mancera,4.0,19.4,9.0,9.600000000000001,2.6,10.4,0.0
1861 - Zefiro Eau de Parfum,Xerjoff,1.8,16.200000000000003,3.0,11.0,1.5,1.4,0.0
1861 - Naxos Eau de Parfum,Xerjoff,10.799999999999999,9.8,3.6,7.2,4.0,8.3,1.2
White Parfum Extrait,Puredistance,1.8,10.0,8.7,3.6,4.5,8.8,0.0
Cio Cio San Eau de Parfum,Parfums MDCI,9.0,1.4,4.9,0.0,1.3,3.4000000000000004,1.0
Orangea Eau de Parfum,Profumum,14.399999999999999,0.0,1.8,3.4,3.2,1.8,3.0
Oud Satin Mood Eau de Parfum,Maison Francis Kurkdjian,0.0,21.8,10.2,1.6,11.399999999999999,10.4,0.0
Grisette Eau de Parfum,Lubin,14.2,15.2,6.9,6.6,8.8,8.600000000000001,2.4
Sombres Dessins,Jovoy Paris,1.8,4.5,1.8,6.6000000000000005,4.800000000000001,1.8,0.0
Sans Un Mot Extrait de Parfum,Jovoy Paris,0.0,8.6,11.7,0.0,3.9000000000000004,15.2,0.0
Vanilla Flash Eau de Parfum,Tauerville,1.6,23.6,3.6,3.4,2.0,21.0,1.0
Miss Marisa Tropical perfume oil,Ebba,1.6,0.0,0.0,0.0,0.0,1.5,1.0
Musc Extrait Extrait de Parfum,Bruno Acampora,0.0,5.0,6.9,3.4000000000000004,4.1000000000000005,5.4,0.0
Precision & Grace Eau de Parfum,The Beautiful Mind Series,5.0,4.7,6.9,6.4,4.5,9.100000000000001,0.0
Fauna Parfum,Regime des Fleurs,1.8,6.7,0.0,0.0,2.6,0.0,0.0
Freeworld Parfum,Regime des Fleurs,4.6,8.700000000000001,0.0,7.3999999999999995,1.6,3.2,1.2
Room 237 Eau de Parfum,Bruno Fazzolari,0.0,3.0,3.2,0.0,1.3,0.0,3.0
Monserrat Eau de Parfum,Bruno Fazzolari,3.6,1.4,8.600000000000001,1.2,1.3,9.9,2.0
Sunshine Woman Eau de Parfum,Amouage,4.0,10.200000000000001,9.0,9.6,7.0,13.6,1.0
Lampblack Eau de Parfum,Bruno Fazzolari,5.6,0.0,0.0,6.0,3.6,2.8,1.2
Five Eau de Parfum,Bruno Fazzolari,10.6,0.0,1.4,0.0,1.2,1.4,2.2
Tempted Muse Eau de Parfum,April Aromatics,3.6,9.3,8.4,4.8,3.2,12.900000000000002,0.0
La Religieuse Eau de Parfum,Serge Lutens,1.6,9.2,10.6,0.0,5.8,11.8,2.0
Rose Flash Parfum Extrait,Tauerville,0.0,0.0,14.2,0.0,0.0,12.6,1.0
Bal D'Afrique Roll-on Oil Perfume Oil,BYREDO,7.199999999999999,9.4,4.6,11.900000000000002,7.800000000000001,4.199999999999999,2.2
Gypsy Water Hair Perfume,BYREDO,11.2,21.5,0.0,12.0,10.9,4.6,1.2
Blanche Hair Perfume,BYREDO,6.6,4.1,8.3,6.6000000000000005,7.4,5.2,4.0
Bal d'Afrique Hair Perfume,BYREDO,8.4,9.4,4.6,11.900000000000002,7.800000000000001,4.199999999999999,2.2
Laudano Nero Extrait de Parfum,Tiziana Terenzi,0.0,17.3,3.3,12.7,9.8,3.4000000000000004,0.0
Kedu Eau de Parfum,MEMO,11.6,1.4,8.5,0.0,1.3,5.2,4.2
"Silk, Lace & Chocolate Eau de Parfum",4160 Tuesdays,3.6,6.8,0.0,0.0,0.0,0.0,0.0
Lalibela Eau de Parfum,MEMO,0.0,14.400000000000002,7.2,2.0,5.0,8.8,0.0
Shams Oud,MEMO,0.0,17.900000000000002,1.8,1.2,11.399999999999999,3.4000000000000004,0.0
Granada Eau de Parfum,MEMO,5.2,7.4,8.6,2.8,1.3,12.400000000000002,2.0
Moon Fever,MEMO,17.0,5.6,0.0,4.6,5.6,0.0,3.4
Luxor Oud,MEMO,0.0,20.400000000000006,5.4,0.0,13.299999999999999,5.4,0.0
Irish Leather Eau de Parfum,MEMO,1.2,21.8,3.1,5.8,16.0,0.0,1.0
Italian Leather Eau de Parfum,MEMO,1.6,33.699999999999996,9.1,3.0,20.900000000000002,4.800000000000001,3.0
French Leather Eau de Parfum,MEMO,3.0,13.0,5.4,3.3,14.700000000000001,5.4,0.0
Pomelo Paradis Cologne Absolue,Atelier Cologne,18.4,4.0,10.999999999999998,7.6000000000000005,3.6,6.4,4.4
Debaser Eau de Parfum,D.S. and Durga,1.8,4.9,6.2,6.2,3.6,1.5,2.0
Freetrapper Eau de Parfum,D.S. and Durga,8.2,9.8,1.6,6.2,10.299999999999999,1.4,3.4
Burning Barbershop Eau de Parfum,D.S. and Durga,5.0,6.2,1.8,0.0,6.4,6.4,1.2
Bowmakers Eau de Parfum,D.S. and Durga,1.2,8.100000000000001,0.0,8.9,3.2,1.4,0.0
Coriander Eau de Parfum,D.S. and Durga,7.000000000000001,7.099999999999999,6.4,4.0,3.9000000000000004,1.8,3.0
Cowboy Grass Eau de Parfum,D.S. and Durga,1.8,1.6,1.8,4.4,3.6,1.8,0.0
Italian Citrus Eau de Parfum,D.S. and Durga,14.0,6.3,3.1,1.2,4.4,1.4,9.2
Mississippi Medicine Eau de Parfum,D.S. and Durga,0.0,5.3,2.9,12.5,17.8,1.4,0.0
A La Rose Eau de Parfum,Maison Francis Kurkdjian,3.0,1.4,19.5,1.7,2.9000000000000004,19.4,1.6
Vetiver Oriental Eau de Parfum,Serge Lutens,0.0,19.6,3.0,25.400000000000002,23.2,1.4,1.6
Empressa Eau de Toilette,Penhaligons,4.6,15.8,5.4,11.2,6.1000000000000005,10.8,0.0
Erdenstern Eau de Parfum,April Aromatics,0.0,11.100000000000001,0.0,9.2,9.7,0.0,0.0
Tagete Eau de Parfum,Profumum,3.2,0.0,8.2,6.0,3.6,5.0,2.0
Kashan Rose Eau de Toilette,The Different Company,6.000000000000001,4.4,21.3,4.8,2.9000000000000004,21.1,4.0
Egypt Eau de Toilette,Eight and Bob,6.8,13.2,0.0,11.4,9.0,0.0,2.2
Cap d'Antibes Eau de Parfum,Eight and Bob,5.2,13.3,4.6,8.2,7.4,4.6,2.0
Ombre Indigo Eau de Parfum,Olfactive Studio,0.0,11.0,3.0,3.2,8.1,0.0,0.0
Cuir Cuba Intense Eau de Parfum,PARFUMS DE NICOLAI,7.6,11.0,3.6,12.1,13.2,3.6,0.0
Land of Warriors Eau de Parfum,The Vagabond Prince,1.6,23.799999999999997,4.6,3.0,16.0,0.0,2.0
Swan Princess Eau de Parfum,The Vagabond Prince,11.8,1.4,18.7,3.4000000000000004,4.7,12.4,6.4
Violettes du Czar Eau de Parfum,Oriza L. Legrand,0.0,8.0,13.6,4.800000000000001,7.8,0.0,1.0
Heliotrope Eau de Parfum,Oriza L. Legrand,8.4,10.399999999999999,10.6,0.0,2.6,3.4000000000000004,1.0
Myrrh Casati Eau de Parfum,Mona di Orio,0.0,14.0,1.4,4.4,4.5,1.4,0.0
03. Apr. 1968 Eau de Parfum,Rundholz Parfums,0.0,10.0,0.0,1.2,7.5,0.0,0.0
Nuit Noire Eau de Parfum,Mona di Orio,0.0,22.400000000000002,3.0,15.0,11.299999999999999,0.0,0.0
Lux Eau de Parfum,Mona di Orio,8.8,16.200000000000003,1.6,11.7,11.0,4.6,1.0
Lys Noir Eau de Parfum,Isabey,0.0,4.6,10.0,5.4,6.3,3.6,0.0
Doe in the Snow Eau de Parfum,4160 Tuesdays,13.499999999999998,4.0,5.2,1.4,4.0,5.1,2.2
Tart's Knicker Drawer Eau de Parfum,4160 Tuesdays,3.6,5.6,6.6,5.4,4.9,6.800000000000001,0.0
Red Hoba Eau de Parfum,Xerjoff,3.6,24.7,5.4,7.8,5.6,6.9,0.0
Blue Hope Eau de Parfum,Xerjoff,7.4,10.700000000000001,1.8,4.6,5.800000000000001,8.0,3.4
Hedonist Rose Eau de Parfum,Viktoria Minya,8.0,16.400000000000002,7.2,6.4,4.6,10.4,1.0
Hedonist Iris Eau de Parfum,Viktoria Minya,1.8,11.2,13.5,0.0,4.6,1.6,0.0
Eau de Hongrie Eau de Parfum,Viktoria Minya,6.8,12.500000000000002,1.8,12.2,4.5,1.8,1.2
Bergamask Parfum,Orto Parisi,3.6,1.4,0.0,0.0,1.3,0.0,2.2
Viride Parfum,Orto Parisi,0.0,0.0,1.6,0.0,0.0,0.0,1.0
Stercus Parfum,Orto Parisi,0.0,2.0,0.0,2.0,4.0,0.0,0.0
Brutus Parfum,Orto Parisi,2.0,0.0,0.0,1.4,0.0,0.0,1.2
Boccanera Parfum,Orto Parisi,0.0,0.0,0.0,0.0,0.0,0.0,0.0
Camellia Eau de Parfum,Aroma M,2.8,0.0,12.0,0.0,0.0,9.0,0.0
Lira Eau de Parfum,Xerjoff - Casamorati,3.8,6.2,7.2,3.6,1.8,10.4,1.2
Bouquet Ideale Eau de Parfum,Xerjoff - Casamorati,0.0,11.8,1.8,6.5,2.0,6.6000000000000005,0.0
Fiore d'Ulivo Eau de Parfum,Xerjoff - Casamorati,7.2,7.0,6.800000000000001,3.2,1.3,5.4,3.2
Dama Bianca Eau de Parfum,Xerjoff - Casamorati,1.5,3.6,6.5,3.5,4.5,3.4000000000000004,0.0
Carnation / Garofano Cologne Eau de Cologne,Santa Maria Novella,1.6,0.0,0.0,0.0,0.0,0.0,1.0
Spanish Leather Cologne Eau de Cologne,Santa Maria Novella,0.0,7.6,0.0,0.0,6.0,0.0,0.0
Vetiver Cologne Eau de Cologne,Santa Maria Novella,1.6,0.0,0.0,6.000000000000001,4.8,0.0,2.0
Citta di Kyoto Cologne Eau de Cologne,Santa Maria Novella,0.0,0.0,1.5,0.0,0.0,0.0,0.0
Angels of Florence Cologne Eau de Cologne,Santa Maria Novella,0.0,2.0,6.6,1.6,0.0,3.6,0.0
Alba di Seoul Cologne Eau de Cologne,Santa Maria Novella,2.8,0.0,1.6,1.8,1.8,0.0,2.0
Broom / Ginestra Cologne,Santa Maria Novella,1.6,0.0,3.4000000000000004,0.0,0.0,1.8,2.0
Santa Maria Novella Cologne Eau de Cologne,Santa Maria Novella,9.6,0.0,0.0,0.0,0.0,1.6,3.4
Tabacco Toscano Cologne Eau de Cologne,Santa Maria Novella,1.2,4.2,0.0,3.6,2.0,1.6,0.0
Nostalgia Cologne Eau de Cologne,Santa Maria Novella,2.0,9.2,0.0,3.6,5.3,1.6,1.2
Pomegranate / Melograno Cologne Eau de Cologne,Santa Maria Novella,0.0,0.0,1.8,0.0,0.0,3.4000000000000004,0.0
Ray of Light Eau de Parfum,April Aromatics,40.4,0.0,4.6,7.2,8.799999999999999,0.0,7.8
Paris LA Eau de Parfum,A Lab on Fire,4.1,3.4,0.0,1.6,1.3,1.4,0.0
Made in Heaven Eau de Parfum,A Lab on Fire,4.4,4.4,8.0,0.0,0.0,6.800000000000001,1.0
FRANK No. 1 Eau de Parfum,FRANK los angeles,8.1,8.7,4.6,8.0,9.8,0.0,3.2
Musc Tonkin Eau de Parfum,Parfum d'Empire,1.2,7.6,1.8,1.4,7.2,1.8,0.0
Musk S Eau de Parfum,S-Perfume,0.0,8.399999999999999,0.0,1.6,3.9000000000000004,1.6,0.0
1499 Eau de Parfum,S-Perfume,0.0,4.2,1.8,1.6,0.0,4.800000000000001,0.0
New York Intense Eau de Parfum,PARFUMS DE NICOLAI,5.8,7.4,0.0,8.0,1.8,0.0,1.2
Kiss Me Intense Eau de Parfum,PARFUMS DE NICOLAI,1.6,4.4,6.300000000000001,0.0,0.0,4.6,1.0
Patchouli Absolu Eau de Parfum,TOM FORD Private Blend,1.6,43.2,1.6,3.2,6.2,2.2,2.0
Russian Tea Eau de Parfum,Masque Milano,12.200000000000001,11.200000000000001,1.8,6.0,7.3,1.8,3.0
Capri Forget Me Not Parfum,Carthusia,8.9,4.4,3.3,0.0,0.0,5.0,1.0
Fraiche Passiflore Eau de Parfum,Maitre Parfumeur et Gantier,2.4,2.8,3.6,3.6,5.800000000000001,3.6,0.0
Ambre Precieux Eau de Parfum,Maitre Parfumeur et Gantier,0.0,20.0,0.0,10.7,1.6,4.6,0.0
Blamage Parfum Extrait,Nasomatto,0.0,1.6,0.0,1.6,1.6,0.0,0.0
Intoxicated Eau de Parfum,By Kilian,0.0,23.400000000000002,1.6,11.299999999999999,2.0,1.6,1.0
Smoke for the Soul Eau de Parfum,By Kilian,3.6,4.2,0.0,9.0,9.2,1.4,0.0
Bayolea Eau de Toilette,Penhaligons,2.8,13.0,0.0,11.5,11.8,0.0,0.0
Blue Sapphire Eau de Parfum,Boadicea the Victorious,4.0,12.399999999999999,10.4,6.2,1.9,7.2,2.0
Feminin Pluriel Eau de Parfum,Maison Francis Kurkdjian,3.2,3.2,21.2,3.2,3.6,9.0,0.0
Masculin Pluriel Eau de Toilette,Maison Francis Kurkdjian,0.0,5.2,0.0,8.4,10.6,0.0,0.0
L'Art de la Guerre Eau de Parfum,Jovoy Paris,5.0,5.1,1.5,6.5,5.4,0.0,3.0
Wode Eau de Parfum,Boudicca,1.2,15.600000000000001,6.4,10.0,10.2,1.8,2.0
L'Orpheline Eau de Parfum - ...,Serge Lutens,1.2,24.599999999999998,0.0,5.1,13.700000000000001,0.0,1.0
California Reverie Eau de Parfum,Van Cleef & Arpels,5.0,4.4,3.6,0.0,0.0,6.800000000000001,2.2
Sotto La Luna Gardenia Eau de Parfum,Tauer Perfumes,4.0,1.7,20.7,0.0,0.0,8.8,2.0
Santal Carmin Cologne Absolue,Atelier Cologne,1.8,10.5,1.5,6.6000000000000005,9.4,3.2,0.0
Vetiver Veritas Eau de Parfum,HEELEY,10.4,0.0,0.0,12.4,12.6,0.0,3.0
Musc Monoi Eau de Toilette,PARFUMS DE NICOLAI,9.6,1.4,3.6,1.8,2.9000000000000004,5.0,2.2
Nymphaea Caerulea Extrait de Parfum,Regime des Fleurs,3.0,4.800000000000001,3.4000000000000004,1.8,4.0,3.2,1.0
Cologne Eau de Parfum,Etat Libre d'Orange,5.0,3.4,3.2,0.0,3.3,1.8,1.0
Journey Man Eau de Parfum,Amouage,4.6,18.8,0.0,9.799999999999999,10.4,1.6,0.0
Unter den Linden Eau de Parfum,April Aromatics,5.0,0.0,3.2,2.8,0.0,5.6000000000000005,1.2
Precious Woods Eau de Parfum,April Aromatics,0.0,0.0,0.0,6.4,5.2,1.4,0.0
Rosenlust Eau de Parfum,April Aromatics,0.0,1.8,7.2,0.0,0.0,9.4,0.0
Jasmina Eau de Parfum,April Aromatics,1.8,0.0,1.8,0.0,0.0,1.8,0.0
Liquid Dreams Eau de Parfum,April Aromatics,8.799999999999999,0.0,1.8,0.0,0.0,5.4,3.2
Bohemian Spice Eau de Parfum,April Aromatics,3.2,17.700000000000003,0.0,12.8,14.600000000000001,3.2,1.2
Nectar of Love Eau de Parfum,April Aromatics,4.8,0.0,8.4,3.6,3.2,5.4,0.0
Rose L'Orange Eau de Parfum,April Aromatics,4.199999999999999,4.4,12.600000000000001,0.0,0.0,22.5,0.0
Calling all Angels Eau de Parfum,April Aromatics,0.0,18.3,0.0,5.6000000000000005,4.5,3.0,0.0
34 Boulevard Saint Germain Eau de Toilette,Diptyque,0.0,8.3,9.7,6.7,0.0,3.6,1.0
Or du Serail Eau de Parfum,Naomi Goodsir,0.0,17.2,0.0,20.7,12.9,7.6000000000000005,0.0
Une Nuit Magnetique Eau de Parfum,The Different Company,5.2,18.6,12.0,14.6,8.0,10.5,1.0
Vetiver Royal Bourbon Eau de Parfum,Oriza L. Legrand,0.0,5.6,1.5,13.200000000000001,16.6,0.0,0.0
Santal 33 Eau de Parfum,Le Labo,0.0,5.5,3.0,3.3,5.6,0.0,2.4
Corsica Furiosa Eau de Parfum,Parfum d'Empire,4.8,3.6,6.4,6.199999999999999,5.2,1.5,4.0
Graine de Joie Eau de Parfum,Eau d'Italie,2.4,1.4,0.0,1.7,2.9000000000000004,0.0,0.0
Tango Eau de Parfum,Masque Milano,1.8,18.700000000000003,5.4,18.1,3.2,8.4,0.0
Foin Fraichement Coupe Eau de Parfum,Oriza L. Legrand,3.0,1.4,0.0,1.2,1.3,0.0,0.0
Muguet Fleuri Eau de Parfum,Oriza L. Legrand,2.4,0.0,26.1,0.0,0.0,1.4,1.0
Oeillet Louis XV Eau de Parfum,Oriza L. Legrand,1.2,6.200000000000001,4.8,8.0,3.1,3.4000000000000004,0.0
Deja le Printemps Eau de Parfum,Oriza L. Legrand,6.6,1.4,9.3,3.3,4.7,0.0,3.0
Jardins d'Armide Eau de Parfum,Oriza L. Legrand,1.6,4.6,12.5,2.8,2.6,3.6,0.0
Reve d'Ossian Eau de Parfum,Oriza L. Legrand,0.0,9.200000000000001,0.0,5.2,3.6,0.0,0.0
Chypre Mousse Eau de Parfum,Oriza L. Legrand,3.4000000000000004,5.2,4.6,3.0,3.8,0.0,2.0
Horizon Eau de Parfum,Oriza L. Legrand,0.0,11.399999999999999,1.8,11.8,9.0,4.800000000000001,0.0
Roses Vanille Eau de Parfum,Mancera,2.0,3.6,3.6,1.7,2.9000000000000004,6.6,0.0
What I Did on My Holidays Eau de Parfum,4160 Tuesdays,2.0,2.2,1.8,0.0,0.0,3.4000000000000004,0.0
Sunshine and Pancakes Eau de Parfum,4160 Tuesdays,4.0,5.7,3.6,4.0,0.0,8.200000000000001,2.4
The Sexiest Scent on the Planet. Ever. (IMHO) Eau de Parfum,4160 Tuesdays,5.6,10.4,0.0,0.0,2.6,3.2,3.2
The Dark Heart of Old Havana Eau de Parfum,4160 Tuesdays,0.0,4.7,0.0,5.2,4.0,0.0,0.0
South Bay Eau de Toilette,The Different Company,7.0,0.0,0.0,5.2,5.2,0.0,1.0
Diamond Perfume Oil,Sage,3.5999999999999996,8.1,0.0,8.0,5.800000000000001,0.0,1.0
11 - Semma Eau de Parfum,Odin,3.2,13.0,0.0,18.799999999999997,10.399999999999999,5.799999999999999,2.0
Isparta Eau de Parfum,"Pierre Guillaume Paris, Parfumerie Generale",0.0,20.400000000000002,9.0,5.2,7.4,10.6,0.0
Coven Eau de Parfum,Andrea Maack Parfums,0.0,0.0,1.6,1.8,1.8,0.0,1.0
Rose Oud Eau de Parfum,PARFUMS DE NICOLAI,0.0,23.999999999999996,14.299999999999999,6.800000000000001,12.100000000000001,15.7,0.0
Amber Oud Eau de Parfum,PARFUMS DE NICOLAI,0.0,36.1,1.4,17.9,11.799999999999999,3.2,2.0
Terralba Eau de Parfum,Masque Milano,2.0,1.3,6.200000000000001,1.7,1.6,1.4,3.0
Montecristo Eau de Parfum,Masque Milano,0.0,8.200000000000001,0.0,10.5,12.799999999999999,1.4,0.0
Luci Ed Ombre Eau de Parfum,Masque Milano,4.8,7.2,6.6,1.4,3.0,3.6,0.0
Bal d'Afrique Eau de Parfum,BYREDO,7.199999999999999,9.4,4.6,11.900000000000002,7.800000000000001,4.199999999999999,2.2
Pulp Eau de Parfum,BYREDO,4.6000000000000005,1.5,0.0,3.2,1.6,0.0,1.0
Gypsy Water Eau de Parfum,BYREDO,10.0,21.5,0.0,12.0,10.9,4.6,1.2
Rose Noir Eau de Parfum,BYREDO,3.4000000000000004,2.8,14.2,1.4,2.6,12.6,2.0
Blanche Eau de Parfum,BYREDO,5.4,4.1,8.3,6.6000000000000005,7.4,5.2,4.0
Sunday Cologne Eau de Parfum,BYREDO,5.4,10.2,1.8,6.2,6.6,1.8,2.2
Baudelaire Eau de Parfum,BYREDO,0.0,18.1,1.6,7.0,7.0,0.0,1.0
La Tulipe Eau de Parfum,BYREDO,1.6,0.0,3.4000000000000004,3.2,3.6,1.8,3.0
Accord Oud,BYREDO,0.0,22.700000000000003,0.0,2.8,14.799999999999999,6.1,0.0
Oud Immortel Eau de Parfum,BYREDO,8.0,41.699999999999996,0.0,13.3,29.3,4.3,1.2
Black Saffron Eau de Parfum,BYREDO,2.0,6.800000000000001,6.699999999999999,9.4,10.4,3.6,1.2
Inflorescence Eau de Parfum,BYREDO,2.8,0.0,16.7,0.0,0.0,7.6000000000000005,3.0
1996 Eau de Parfum,BYREDO,0.0,17.0,4.5,4.6,6.0,3.2,0.0
Cedrat Enivrant Cologne Absolue,Atelier Cologne,12.2,3.6,0.0,3.2,3.6,0.0,0.0
Nuit Andalouse Eau de Parfum,Parfums MDCI,4.0,7.2,18.900000000000002,3.6,5.800000000000001,13.600000000000001,1.0
Eight and Bob Eau de Parfum,Eight and Bob,2.0,3.2,3.0,5.1,4.800000000000001,0.0,1.2
Anyway Eau de Parfum,Juliette Has a Gun,4.9,0.0,3.4000000000000004,0.0,2.2,4.0,2.2
Cuir Garamante Eau de Parfum,Parfums MDCI,0.0,34.400000000000006,3.6,9.8,23.6,6.800000000000001,0.0
Black Eau de Toilette,Comme des Garcons: PLAY,1.2,2.0,3.0,0.0,3.7,1.6,0.0
Thirty Three Eau de Parfum,Ex Idolo,0.0,8.200000000000001,5.4,1.2,5.699999999999999,5.4,2.4
Black Parfum Extrait,Puredistance,0.0,5.6,0.0,1.6,6.699999999999999,0.0,0.0
Ardent Eau de Parfum,Boadicea the Victorious,0.0,10.8,10.8,3.2,1.3,13.8,0.0
Sugi Eau de Toilette,Comme des Garcons x Monocle,1.2,0.0,3.0,8.3,8.4,0.0,3.4
Red Eau de Toilette,Comme des Garcons: PLAY,0.0,5.6,0.0,3.6,2.0,2.9,0.0
Green Eau de Toilette,Comme des Garcons: PLAY,13.299999999999999,3.0,9.8,4.9,6.5,3.2,6.0
Laurel Eau de Toilette,Comme des Garcons x Monocle,0.0,12.2,0.0,10.2,6.2,0.0,0.0
Hinoki Eau de Toilette,Comme des Garcons x Monocle,2.6,5.3,0.0,7.5,8.2,0.0,1.0
Oud Wood Eau de Parfum,TOM FORD Private Blend,0.0,38.5,0.0,6.7,23.599999999999998,3.2,0.0
Tobacco Oud Eau de Parfum,TOM FORD Private Blend,0.0,38.60000000000001,0.0,25.400000000000002,49.2,1.6,0.0
Fate Man Eau de Parfum,Amouage,0.0,4.800000000000001,1.8,3.5,6.7,1.8,2.0
Fate Woman,Amouage,5.0,12.100000000000001,3.6,7.7,5.4,6.800000000000001,2.0
Nemer Eau de Parfum,Boadicea the Victorious,0.0,16.2,7.2,3.4000000000000004,11.1,7.2,0.0
Zagorsk Eau de Toilette,Comme des Garcons: Incense,1.2,5.8,3.0,3.4,6.2,0.0,2.0
Avignon Eau de Toilette,Comme des Garcons: Incense,0.0,13.8,0.0,1.2,4.5,3.2,0.0
Kyoto Eau de Toilette,Comme des Garcons: Incense,0.0,15.1,0.0,10.799999999999999,12.8,0.0,0.0
Jaisalmer Eau de Toilette,Comme des Garcons: Incense,0.0,16.5,0.0,9.500000000000002,9.2,1.4,0.0
Ouarzazate Eau de Toilette,Comme des Garcons: Incense,0.0,17.4,1.4,3.0,5.8,3.0,0.0
Perfect Coconut Milk Eau de Parfum,Sarah Horowitz Parfums,3.2,10.8,7.6,0.0,2.6,5.0,0.0
Lentisque Eau de Toilette,Phaedon,0.0,4.800000000000001,6.2,11.399999999999999,10.4,0.0,2.0
Tabac Rouge Eau de Parfum,Phaedon,0.0,8.3,0.0,10.799999999999999,4.8,3.2,0.0
Rouge Avignon Eau de Parfum,Phaedon,0.0,8.6,3.6,11.4,11.0,3.6,0.0
Black Vetiver Eau de Parfum,Phaedon,5.6,3.1,0.0,11.0,10.8,0.0,1.0
Lapis Philosophorum Eau de Parfum,Olivier Durbano,1.8,6.3,0.0,2.5999999999999996,2.8,0.0,0.0
Violette Fumee,Mona di Orio,6.4,4.8,11.3,5.2,5.6,7.0,1.0
Champaca Absolute Eau de Parfum,TOM FORD Private Blend,5.2,8.700000000000001,6.9,6.2,3.2,7.0,1.0
Jasmin Rouge Eau de Parfum,TOM FORD Private Blend,8.0,20.6,12.4,7.7,6.0,14.0,2.0
Neroli Portofino Eau de Parfum,TOM FORD Private Blend,24.2,4.0,8.0,6.800000000000001,3.6,3.6,3.4
Noir de Noir Eau de Parfum,TOM FORD Private Blend,0.0,14.0,7.2,1.6,3.8,10.4,0.0
Santal Blush Eau de Parfum,TOM FORD Private Blend,0.0,8.600000000000001,3.6,14.2,14.1,3.6,0.0
Tobacco Vanille Eau de Parfum,TOM FORD Private Blend,0.0,20.0,0.0,16.2,12.0,9.4,0.0
Tuscan Leather Eau de Parfum,TOM FORD Private Blend,0.0,17.8,6.800000000000001,1.2,16.0,8.3,3.4
Aqua Vitae Eau de Toilette,Maison Francis Kurkdjian,6.6,11.500000000000002,0.0,1.2,0.0,4.800000000000001,1.0
Classical Eau de Parfum,Anat Fritz,1.2,0.0,0.0,8.5,8.4,0.0,0.0
Java Blossom Attar / perfume oil,Xerjoff - XJ Oud Attars,5.0,15.200000000000001,7.4,6.4,18.1,0.0,2.0
Black Sukar Attar / perfume oil,Xerjoff - XJ Oud Attars,1.2,19.0,8.8,0.0,14.6,11.600000000000001,1.0
Warda al Oud Attar / perfume oil,Xerjoff - XJ Oud Attars,1.8,23.0,7.2,3.2,14.299999999999999,10.4,0.0
Oud Luban Attar / perfume oil,Xerjoff - XJ Oud Attars,3.2,19.400000000000002,8.2,3.3,19.700000000000003,5.4,0.0
Jeke Parfum Extrait,Slumberhouse,0.0,14.0,0.0,17.200000000000003,19.200000000000003,4.6,0.0
Norne Parfum Extrait,Slumberhouse,1.6,4.0,1.6,1.4,3.0,1.4,2.0
Ore Parfum Extrait,Slumberhouse,0.0,7.4,0.0,4.0,0.0,1.6,1.6
40 Knots Eau de Parfum,Xerjoff - Join the Club,10.8,3.3,3.4000000000000004,5.1,3.4000000000000004,1.8,1.0
Comandante Eau de Parfum,Xerjoff - Join the Club,0.0,4.0,1.5,5.0,8.8,0.0,0.0
More than Words Eau de Parfum,Xerjoff - Join the Club,0.0,8.500000000000002,1.8,1.2,1.9,4.699999999999999,0.0
Ivory Route Eau de Parfum,Xerjoff - Join the Club,1.6,5.4,0.0,4.6000000000000005,6.2,3.0,1.0
Intense Cafe Eau de Parfum,Montale,3.2,22.400000000000002,3.6,2.8,2.6,5.2,2.0
Playing with the Devil Eau de Parfum,By Kilian,0.0,11.2,9.0,12.0,10.0,15.399999999999999,0.0
Coccobello Eau de Parfum,HEELEY,2.6,4.4,6.2,5.2,4.800000000000001,6.1,3.0
1899 - Ernest Hemingway Eau de Parfum,Histoires de Parfums,5.2,6.2,2.9,6.4,3.6,1.6,0.0
Standard Eau de Toilette,Comme des Garcons x Artek,4.0,3.4,0.0,3.5,6.2,0.0,0.0
Almost Transparent Blue Eau de Toilette,A Lab on Fire,15.399999999999999,4.7,0.0,5.8,6.0,0.0,5.6
Rouge Assassin,Jovoy Paris,4.6000000000000005,10.600000000000001,9.9,6.800000000000001,12.8,11.6,1.0
Knize Forest Eau de Toilette,Knize,5.6,7.6000000000000005,3.2,5.2,9.0,0.0,2.0
Champaca Eau de Toilette,Comme des Garcons: Luxe,0.0,4.5,4.8,3.1,2.9000000000000004,4.6,0.0
Acqua Decima Eau de Toilette,Eau d'Italie,10.0,0.0,0.0,1.6,1.8,0.0,1.0
Orangers en Fleurs Eau de Parfum,Houbigant,4.800000000000001,5.8,14.399999999999999,6.4,5.800000000000001,7.2,0.0
Lys 41 Eau de Parfum,Le Labo,4.8,9.3,23.6,3.0,3.1,17.200000000000003,0.0
Ylang 49 Eau de Parfum,Le Labo,0.0,4.5,9.9,7.8,5.0,6.800000000000001,0.0
Rose 31 Eau de Parfum,Le Labo,0.0,12.600000000000001,14.4,14.5,10.8,18.0,0.0
Glorious Eau de Parfum,Boadicea the Victorious,1.6,19.0,7.2,17.4,7.7,13.4,1.0
Mousse II Eau de Parfum,Oliver & Co.,8.2,15.0,4.9,14.1,8.700000000000001,0.0,2.0
Resina Eau de Parfum,Oliver & Co.,0.0,8.4,3.6,3.2,1.8,5.0,0.0
Vetiverus Eau de parfum,Oliver & Co.,0.0,19.800000000000004,0.0,16.0,19.0,1.4,0.0
Hedonist Eau de Parfum,Viktoria Minya,1.8,4.4,5.4,5.6,5.8,12.200000000000003,0.0
Bay Rum Cologne,Gilbert Henry,4.0,4.800000000000001,0.0,4.800000000000001,1.6,0.0,2.4
Gold Rose Oudh Extrait de Parfum,Tiziana Terenzi,1.8,6.3,3.6,7.3999999999999995,2.9000000000000004,3.6,0.0
Les Jeux Sont Faits Eau de Parfum,Jovoy Paris,1.6,19.5,0.0,13.799999999999999,17.0,4.7,1.0
Coal Eau de Parfum,Andrea Maack Parfums,1.6,6.2,0.0,5.9,5.2,0.0,1.0
Gothic II - Perfume Oil Roll-on perfume oil,Loree Rodkin,0.0,20.6,0.0,1.6,4.5,4.800000000000001,0.0
Gothic II - Eau de Parfum,Loree Rodkin,0.0,20.6,0.0,1.6,4.5,4.800000000000001,0.0
Gothic I - Perfume Oil Roll-on perfume oil,Loree Rodkin,1.2,13.000000000000002,0.0,1.6,1.6,4.800000000000001,1.6
Gothic I - Eau de Parfum,Loree Rodkin,1.2,13.000000000000002,0.0,1.6,1.6,4.800000000000001,1.6
Gothic III - Perfume Oil Roll-on perfume oil,Loree Rodkin,0.0,8.1,6.800000000000001,4.4,2.6,3.6,1.0
Gothic III - Eau de Parfum,Loree Rodkin,0.0,8.1,6.800000000000001,4.4,2.6,3.6,1.0
Private Label Eau de Parfum,Jovoy Paris,0.0,16.4,0.0,12.6,20.4,0.0,0.0
La Liturgie des Heures Eau de Parfum,Jovoy Paris,0.0,12.500000000000002,0.0,1.2,8.5,0.0,0.0
Psychedelique Eau de Parfum,Jovoy Paris,2.0,25.7,5.2,6.200000000000001,3.8,5.2,2.2
Ambre Premier Eau de Parfum,Jovoy Paris,0.0,14.899999999999999,3.6,4.800000000000001,0.0,5.2,0.0
Flash Back Eau de Parfum,Olfactive Studio,5.4,2.0,1.6,6.5,6.800000000000001,0.0,1.0
Lumiere Blanche Eau de Parfum,Olfactive Studio,1.2,13.200000000000001,3.0,13.700000000000001,6.4,1.6,0.0
Autoportrait Eau de Parfum,Olfactive Studio,2.8,6.2,0.0,5.8999999999999995,6.4,1.6,0.0
Chambre Noire Eau de Parfum,Olfactive Studio,0.0,14.8,4.8,3.4000000000000004,9.9,3.4000000000000004,0.0
Still Life Eau de Parfum,Olfactive Studio,10.0,0.0,1.5,4.7,3.4000000000000004,0.0,2.4
Labdanum 18 Eau de Parfum,Le Labo,0.0,19.000000000000004,0.0,0.0,4.6,4.6,0.0
Fleur D'Oranger 27 Eau de Parfum,Le Labo,12.0,6.8,5.799999999999999,6.4,6.2,0.0,3.4
Neroli 36 Eau de Parfum,Le Labo,11.0,12.100000000000001,9.0,1.2,2.6,12.2,1.0
Jasmin 17 Eau de Parfum,Le Labo,2.5999999999999996,9.2,3.6,5.2,5.800000000000001,9.0,0.0
Vetiver 46 Eau de Parfum,Le Labo,1.8,15.2,0.0,19.400000000000002,15.5,3.2,0.0
Bergamote 22 Eau de Parfum,Le Labo,14.799999999999999,11.399999999999999,3.0,12.700000000000001,9.4,0.0,7.0
Oud Silk Mood - Extrait de Parfum,Maison Francis Kurkdjian,2.4,8.8,5.4,0.0,7.6,5.4,0.0
Flower of Immortality Eau de Parfum,By Kilian,0.0,9.4,6.6,0.0,1.3,9.8,0.0
Oud 27 Eau de Parfum,Le Labo,0.0,17.6,0.0,4.6,13.8,0.0,0.0
Ambrette 9 Eau de Parfum,Le Labo,0.0,0.0,3.6,0.0,0.0,5.1,0.0
Iris 39 Eau de Parfum,Le Labo,3.0,8.9,18.3,5.6000000000000005,1.3,1.8,0.0
Patchouli 24 Eau de Parfum,Le Labo,0.0,25.8,0.0,0.0,2.0,3.2,0.0
Aurore Nomade Eau de Parfum,The Different Company,4.4,10.5,1.6,8.3,2.9000000000000004,3.1,1.0
La Fille de Berlin Eau de Parfum,Serge Lutens,0.0,3.2,10.5,0.0,1.3,9.0,0.0
La Route d'Emeraude Eau de Parfum,Isabey,3.6,14.8,19.200000000000003,6.800000000000001,2.6,19.400000000000002,0.0
Enchanted Forest Eau de Parfum,The Vagabond Prince,0.0,7.199999999999999,8.7,3.3,2.9000000000000004,10.200000000000001,0.0
Nero Perfume Oil,Bruno Acampora,4.0,12.7,0.0,14.899999999999999,13.700000000000001,0.0,2.4
Prima T - Eau de Parfum,Bruno Acampora,0.0,4.4,16.9,0.0,2.6,7.2,0.0
Musc - Eau de Parfum,Bruno Acampora,0.0,11.2,3.3,3.4000000000000004,8.1,3.4000000000000004,3.4
Dark Purple Eau de Parfum,Montale,1.6,9.8,3.6,3.0,2.6,3.6,1.0
Rosae Mundi Eau de Parfum,Profumum,0.0,3.2,12.6,6.6,6.800000000000001,12.6,0.0
Neroli 36 Perfume Oil,Le Labo,11.0,12.100000000000001,9.0,1.2,2.6,12.2,1.0
Opardu Extrait de Parfum,Puredistance,0.0,0.0,15.0,3.4,3.2,9.0,0.0
Santal 33 Perfume Oil,Le Labo,0.0,7.0,6.0,6.6,7.2,0.0,2.4
Bergamote 22 Perfume Oil,Le Labo,14.799999999999999,11.399999999999999,3.0,12.700000000000001,9.4,0.0,7.0
Patchouli 24 Perfume Oil,Le Labo,0.0,25.8,0.0,0.0,2.0,3.2,0.0
Rose 31 Perfume Oil,Le Labo,0.0,12.600000000000001,14.4,14.5,10.8,18.0,0.0
Jasmin 17 Perfume Oil,Le Labo,2.5999999999999996,9.2,3.6,5.2,5.800000000000001,9.0,0.0
Oud 27 Perfume Oil Perfume oil,Le Labo,0.0,17.6,0.0,4.6,13.8,0.0,0.0
Ambrette 9 Perfume Oil,Le Labo,0.0,0.0,3.6,0.0,0.0,5.1,0.0
Labdanum 18 Perfume Oil,Le Labo,0.0,19.000000000000004,0.0,0.0,4.6,4.6,0.0
Fleur D'Oranger 27 Perfume Oil,Le Labo,12.0,6.8,5.799999999999999,6.4,6.2,0.0,3.4
Vetiver 46 Perfume Oil,Le Labo,1.8,15.2,0.0,19.400000000000002,15.5,3.2,0.0
Iris 39 Perfume Oil,Le Labo,1.5,7.8999999999999995,16.5,7.3999999999999995,3.6,0.0,0.0
Lys 41 Perfume Oil,Le Labo,0.0,5.7,21.8,3.0,1.8,12.2,0.0
Black Amber,Agonist,0.0,15.399999999999999,0.0,10.200000000000001,8.4,1.6,0.0
Vanilla Marble Eau de Parfum,Agonist,0.0,16.400000000000002,0.0,3.4000000000000004,1.6,8.0,0.0
Tzora Eau de Parfum,Anat Fritz,3.8,2.7,1.8,5.6000000000000005,4.9,3.2,0.0
Akkad Eau de Parfum,Lubin,7.199999999999999,20.2,0.0,11.200000000000001,4.6000000000000005,3.2,2.2
Galaad Eau de Parfum,Lubin,0.0,14.700000000000001,0.0,16.8,22.0,0.0,0.0
Cuir Velours Eau de Parfum,Naomi Goodsir,3.2,17.2,0.0,7.6,19.0,0.0,2.0
Interlude Man Eau de Parfum,Amouage,3.6,15.600000000000001,0.0,8.600000000000001,13.399999999999999,0.0,0.0
Interlude Woman,Amouage,10.4,26.599999999999998,10.0,11.399999999999999,11.4,10.4,0.0
LiquidNight Eau de Parfum,A Lab on Fire,6.6,11.2,0.0,1.8,7.4,4.6,0.0
Musc Intense Eau de Parfum,PARFUMS DE NICOLAI,0.0,7.199999999999999,17.4,1.6,5.2,14.4,1.0
Do Son - Eau de Parfum,Diptyque,1.6,1.4,11.0,0.0,1.3,5.0,0.0
Good Girl Gone Bad Eau de Parfum,By Kilian,1.6,7.0,8.1,8.2,6.3,5.800000000000001,1.0
Forbidden Games Eau de Parfum,By Kilian,0.0,10.0,9.0,8.0,0.0,13.6,0.0
08 - Seylon Eau de Parfum,Odin,9.2,4.3,0.0,13.6,9.0,0.0,1.0
Amyris Pour Femme Eau de Parfum,Maison Francis Kurkdjian,2.0,2.0,4.5,9.9,6.6000000000000005,1.4,0.0
Amyris Pour Homme Eau de Toilette,Maison Francis Kurkdjian,0.0,10.5,7.5,7.3,12.4,0.0,0.0
Santal Majuscule Eau de Parfum,Serge Lutens,0.0,8.700000000000001,3.6,6.6000000000000005,4.800000000000001,5.2,0.0
Route Du Vetiver Eau de Parfum,Maitre Parfumeur et Gantier,0.0,1.4,3.4000000000000004,9.600000000000001,10.100000000000001,1.8,1.0
Vettiveru 2,Comme des Garcons: Cologne,6.199999999999999,0.0,3.2,12.4,10.4,0.0,4.0
Citrico,Comme des Garcons: Cologne,14.5,0.0,0.0,9.4,8.600000000000001,1.4,3.5999999999999996
Anbar,Comme des Garcons: Cologne,2.0,12.0,0.0,8.8,1.3,1.4,1.2
L'Ombre Dans L'Eau - Eau de Parfum,Diptyque,1.2,1.4,8.8,0.0,1.3,7.2,1.0
Un Bateau Pour Capri Eau de Parfum,Eau d'Italie,0.0,1.4,5.3,0.0,1.3,6.7,1.0
Rose Anonyme Cologne Absolue,Atelier Cologne,3.0,10.0,7.2,1.2,6.8,7.2,1.0
Mon Patchouly Eau de Parfum,Ramon Monegal,0.0,16.5,3.6,9.100000000000001,1.5,5.2,0.0
Agar Musk Eau de Parfum,Ramon Monegal,0.0,29.0,0.0,9.4,23.6,1.4,0.0
Kiss My Name Eau de Parfum,Ramon Monegal,4.4,2.9000000000000004,14.0,2.8,1.6,5.0,0.0
Cotton Musk,Ramon Monegal,0.0,10.0,6.6,1.6,7.0,6.800000000000001,0.0
Entre Naranjos Eau de Parfum,Ramon Monegal,6.6,5.6,1.4,3.2,0.0,1.4,2.2
Umbra Eau de Parfum,Ramon Monegal,2.8,6.800000000000001,1.4,4.4,4.9,0.0,1.0
Un Coeur en Mai Eau de Parfum,Parfums MDCI,3.4000000000000004,4.4,15.0,1.6,2.6,5.4,2.0
Tokyo Bloom Eau de Toilette,The Different Company,0.0,4.8,9.9,1.6,2.6,5.4,1.0
Limon de Cordoza Eau de Toilette,The Different Company,10.399999999999999,3.2,3.4000000000000004,1.6,1.8,1.8,3.4
Agarwoud Extrait de Parfum,HEELEY,0.0,12.600000000000001,3.6,3.2,5.3,3.6,1.0
Bubblegum Chic Extrait de Parfum,HEELEY,0.0,0.0,8.4,0.0,0.0,5.4,0.0
Chypre Palatin Eau de Parfum,Parfums MDCI,0.0,9.799999999999999,20.1,3.2,4.0,12.4,3.0
X for Women Eau de Parfum,Clive Christian,1.8,11.5,8.9,2.8,3.1,13.3,0.0
X for Men Eau de Parfum,Clive Christian,3.0,13.0,5.1,9.8,5.2,8.4,2.4
1872 for Women Eau de Parfum,Clive Christian,13.6,6.0,22.5,6.5,7.4,14.4,7.0
No. 1 for Women Eau de Parfum,Clive Christian,7.4,14.7,14.4,8.4,8.6,21.400000000000002,1.0
No. 1 for Men Eau de Parfum,Clive Christian,10.0,12.9,11.9,14.1,6.2,10.4,5.4
1872 for Men Eau de Parfum,Clive Christian,9.8,9.5,3.4000000000000004,3.1,3.8,1.8,1.0
Patchouli Cologne,Santa Maria Novella,0.0,2.9000000000000004,0.0,1.2,0.0,0.0,0.0
Orange Blossom / Zagara Cologne Eau de Cologne,Santa Maria Novella,1.6,0.0,1.4,0.0,0.0,1.4,0.0
Pot Pourri Cologne Eau de Cologne,Santa Maria Novella,1.6,0.0,0.0,0.0,0.0,0.0,1.0
Musk / Muschio Cologne Eau de Cologne,Santa Maria Novella,0.0,2.8,0.0,0.0,2.6,3.0,0.0
Honeysuckle / Caprifoglio Cologne Eau de Cologne,Santa Maria Novella,1.6,0.0,0.0,0.0,0.0,1.4,1.0
Russian Cologne Eau de Cologne,Santa Maria Novella,3.4000000000000004,1.4,0.0,0.0,1.3,0.0,1.0
Noir Patchouli Eau de Parfum,Histoires de Parfums,1.2,15.1,0.0,1.5,3.3,1.6,0.0
Ambre 114 Eau de Parfum,Histoires de Parfums,0.0,14.5,1.8,11.4,6.3,4.800000000000001,0.0
1725 Casanova Eau de Parfum,Histoires de Parfums,5.6,6.2,0.0,6.7,3.2,3.0,1.2
1740 Marquis de Sade Eau de Parfum,Histoires de Parfums,3.6,10.5,0.0,3.2,3.6,1.6,0.0
1804 George Sand Eau de Parfum,Histoires de Parfums,0.0,10.3,6.8,6.5,2.9000000000000004,6.6,0.0
1828 Jules Verne Eau de Parfum,Histoires de Parfums,5.8,3.5,0.0,4.8,6.1000000000000005,0.0,1.2
Oud - Eau de Parfum,Maison Francis Kurkdjian,2.0,34.2,0.0,4.8,24.2,3.0,1.2
Rose Pivoine Eau de Toilette,PARFUMS DE NICOLAI,3.0,0.0,15.8,1.4,0.0,16.2,0.0
Bamboo Harmony Eau de Parfum,By Kilian,6.4,0.0,0.0,2.8,0.0,0.0,0.0
S-ex Eau de Parfum,S-Perfume,8.0,8.5,1.8,3.3,6.8999999999999995,1.8,3.0
100% Love Eau de Parfum,S-Perfume,0.0,1.6,5.4,0.0,0.0,6.800000000000001,0.0
Oud Stars - Al Khatt Eau de Parfum,Xerjoff,1.8,18.0,5.4,4.2,11.3,8.600000000000001,0.0
Oud Stars - Mamluk Eau de Parfum,Xerjoff,1.8,23.4,5.4,8.4,10.8,8.600000000000001,0.0
Oud Stars - Gao Eau de Parfum,Xerjoff,0.0,25.000000000000004,1.8,8.8,18.2,3.2,0.0
Oud Stars - Fars Eau de Parfum,Xerjoff,4.8,12.8,6.800000000000001,11.2,14.200000000000001,5.4,0.0
Francois Charles Eau de Parfum,Rance,3.8,6.5,3.3,3.2,7.1000000000000005,1.8,0.0
Le Vainqueur Eau de Parfum,Rance,5.6,11.899999999999999,8.3,6.5,11.2,3.6,1.2
Le Roi Empereur Eau de Parfum,Rance,1.6,15.899999999999999,4.6,11.7,13.2,0.0,2.0
Fils de Dieu Eau de Parfum,Etat Libre d'Orange,5.3,17.400000000000002,8.8,8.0,9.9,8.8,2.2
Bijou Romantique Eau de Parfum,Etat Libre d'Orange,3.8,13.299999999999999,3.0,4.800000000000001,3.6,4.800000000000001,0.0
Precious Oud Eau de Parfum,Van Cleef & Arpels,3.6,32.900000000000006,8.1,16.4,30.400000000000002,3.6,0.0
Dark Eau de Parfum,Andrea Maack Parfums,3.6,5.6,12.0,0.0,4.0,10.6,1.0
What We Do In Paris Is Secret Eau de Parfum,A Lab on Fire,3.6,12.5,3.6,7.6000000000000005,3.2,8.200000000000001,0.0
Sombre Negra Eau de Parfum,YOSH,4.0,12.5,1.8,7.9,6.9,1.8,2.4
Geisha Rouge - Eau de Parfum,Aroma M,0.0,19.900000000000002,0.0,15.599999999999998,8.7,3.2,2.4
Pluie de Soleil Eau de Toilette,Phaedon,5.4,1.4,1.8,3.6,4.5,4.8,1.0
Eau Rose Eau de Toilette,Diptyque,3.4000000000000004,1.4,16.2,1.7,2.9000000000000004,16.2,1.0
Dolce Acqua Eau de Parfum,Profumum,1.2,10.600000000000001,0.0,1.6,0.0,6.4,0.0
Eccelso Eau de Parfum,Profumum,7.6,15.399999999999999,0.0,8.2,9.0,0.0,1.2
07 Tanoke Eau de Parfum,Odin,3.5999999999999996,25.000000000000004,0.0,4.5,11.100000000000001,2.2,0.0
Bluff,Lubin,10.2,14.2,3.0,16.799999999999997,10.0,3.2,4.6
Figaro Eau de Toilette,Lubin,5.6,3.8,1.6,8.4,7.0,0.0,3.4
Itasca Eau de Parfum,Lubin,9.6,16.0,0.0,22.599999999999998,17.0,0.0,3.2
Sacrebleu Intense Eau de Parfum,PARFUMS DE NICOLAI,0.0,8.8,6.9,6.8,3.2,5.4,0.0
Kinski Eau de Toilette,Kinski,0.0,6.300000000000001,1.8,9.399999999999999,8.3,1.8,0.0
Azemour les Orangers Eau de Parfum,Parfum d'Empire,7.0,0.0,4.7,2.5999999999999996,0.0,1.8,0.0
L'Ambre de Carthage Eau de Parfum,Isabey,5.0,9.900000000000002,3.6,7.8,9.4,3.6,1.2
Idole de Lubin - Eau de Parfum,Lubin,0.0,8.0,3.6,5.0,5.6,3.6,0.0
Royal Oud,Creed,3.8,18.8,1.5,3.5,17.9,1.4,0.0
Indochine Eau de Toilette,"Pierre Guillaume Paris, Parfumerie Generale",0.0,6.6,1.6,7.6,1.6,1.6,1.0
Pour un Homme Eau de Toilette,Caron,1.0,11.2,0.0,3.2,4.800000000000001,3.2,0.0
Juniper Sling Eau de Toilette,Penhaligons,1.2,12.6,0.0,9.2,5.8,0.0,0.0
L'eau Chic Eau de Toilette,PARFUMS DE NICOLAI,1.2,3.2,4.5,10.2,6.2,0.0,2.0
Cinnamon Eau de Toilette,Comme des Garcons: Sherbet,5.2,13.399999999999999,0.0,13.9,7.6,0.0,2.0
Rhubarb Eau de Toilette,Comme des Garcons: Sherbet,4.6000000000000005,4.4,3.2,0.0,0.0,8.2,5.4
Peppermint Eau de Toilette,Comme des Garcons: Sherbet,3.6,6.9,6.800000000000001,3.1,3.3,3.6,2.0
Honour Man Eau de Parfum,Amouage,1.6,9.2,1.8,9.1,8.9,1.8,1.0
Honour Woman Eau de Parfum,Amouage,1.2,9.3,16.3,6.000000000000001,5.8,5.4,0.0
Pardon Parfum Extrait,Nasomatto,0.0,0.0,0.0,0.0,4.4,0.0,0.0
Oudh Osmanthus Eau de Parfum,Mona di Orio,0.0,33.9,3.2,11.099999999999998,24.200000000000003,0.0,2.0
Back to Black Eau de Parfum - ...,By Kilian,1.8,16.0,3.2,17.2,7.6,5.0,0.0
Aqua Universalis Forte Eau de Parfum,Maison Francis Kurkdjian,6.199999999999999,0.0,0.0,0.0,0.0,3.2,1.2
1861 - Renaissance Eau de Parfum,Xerjoff,13.600000000000001,8.4,8.200000000000001,6.6,5.800000000000001,1.8,4.2
Black Jade Eau de Parfum,Lubin,1.8,27.1,11.9,12.799999999999999,4.6,12.2,0.0
Tubereuse - Les Nombres d'Or Eau de Parfum,Mona di Orio,4.8,5.4,17.1,3.2,1.3,1.8,3.0
Vanille - Les Nombres d'Or Eau de Parfum,Mona di Orio,0.0,30.100000000000005,0.0,16.400000000000002,13.0,14.4,0.0
Vetyver - Les Nombres d'Or Eau de Parfum,Mona di Orio,12.2,12.3,0.0,12.9,6.5,0.0,7.6000000000000005
Dark Aoud Eau de Parfum,Montale,0.0,19.0,0.0,12.8,21.6,1.6,0.0
Hippie Rose Eau de Parfum,HEELEY,1.8,18.900000000000002,10.6,9.399999999999999,12.5,9.0,1.0
Gin Fizz Eau de Toilette,Lubin,8.6,1.4,9.7,3.0,3.1,3.6,2.0
Absolu de Vanille,La Maison de la  Vanille,0.0,17.6,0.0,0.0,0.0,12.2,0.0
White Gardenia Petals Eau de Parfum,Illuminum,1.2,2.0,8.1,1.6,0.0,5.0,0.0
Pure eVe Eau de Parfum,The Different Company,5.6000000000000005,4.199999999999999,1.8,1.7,5.5,7.6,1.2
Love Eau de Parfum,By Kilian,7.3999999999999995,7.4,8.7,0.0,1.3,14.6,0.0
Liaisons Dangereuses Eau de Parfum,By Kilian,0.0,9.4,7.2,8.8,6.3,10.4,2.4
Straight to Heaven Eau de Parfum - ...,By Kilian,0.0,16.4,0.0,6.3,5.5,3.2,0.0
Week-end Eau de Toilette,PARFUMS DE NICOLAI,3.4000000000000004,8.1,16.799999999999997,3.1,3.3,8.2,2.0
Vittoria Apuana Eau de Parfum,Profumi del Forte,1.6,7.7,1.5,2.8,0.0,6.0,1.0
Tirrenico Eau de Parfum,Profumi del Forte,11.4,2.8,3.6,3.2,5.4,5.1,3.4
Versilia Aurum Eau de Parfum,Profumi del Forte,1.2,14.5,10.4,6.2,2.9000000000000004,10.4,0.0
Versilia Vintage Ambra Mediterranea Eau de Parfum,Profumi del Forte,0.0,9.2,1.8,6.6,4.5,3.4000000000000004,0.0
Battito d'ali Eau de Parfum,Profumum,4.4,6.2,2.8,0.0,0.0,6.200000000000001,0.0
Arso Eau de Parfum,Profumum,1.2,10.9,0.0,2.9,10.2,0.0,0.0
Fougere Royale Eau de Parfum,Houbigant,3.8,14.999999999999998,7.2,10.8,4.2,7.2,1.2
La Belle Helene Eau de Parfum,Parfums MDCI,4.7,14.899999999999999,10.6,12.9,12.6,13.6,2.2
Antonia Parfum Extrait,Puredistance,1.2,4.4,8.3,2.8,1.8,6.800000000000001,2.0
M Parfum Extrait,Puredistance,3.8,19.700000000000003,1.8,7.8,15.100000000000001,3.4000000000000004,0.0
1 Parfum Extrait,Puredistance,6.199999999999999,8.1,12.2,7.6000000000000005,6.2,15.600000000000001,4.2
Vanille Insensee Cologne Absolue,Atelier Cologne,5.8,21.6,3.6,10.6,3.6,16.400000000000002,1.0
Knize Ten Golden Edition Eau de Toilette,Knize,5.8,9.0,5.1,6.6000000000000005,6.7,5.2,1.2
Two Eau de Toilette,Knize,12.4,6.2,21.5,5.4,7.6,13.0,9.4
XJ Damarose Eau de Parfum,Xerjoff,0.0,5.0,5.4,1.6,1.3,5.4,0.0
Mediterraneo Eau de Parfum,Carthusia,7.0,0.0,3.2,0.0,0.0,0.0,2.0
Ligea La Sirena Eau de Parfum,Carthusia,1.6,1.3,1.8,1.2,0.0,8.600000000000001,1.0
Fiori di Capri Eau de Parfum,Carthusia,0.0,3.6,3.4,6.6,3.2,0.0,0.0
Aria di Capri Eau de Parfum,Carthusia,3.6,0.0,5.1,0.0,0.0,6.6,1.0
Via Camerelle Eau de Parfum,Carthusia,14.2,4.7,3.6,2.8,1.3,3.6,0.0
Carthusia Uomo Eau de Parfum,Carthusia,6.4,4.800000000000001,0.0,3.3,5.2,0.0,3.2
Numero Uno Eau de Parfum,Carthusia,3.6,6.0,3.0,3.2,7.4,0.0,0.0
Corallium Eau de Parfum,Carthusia,5.2,5.7,0.0,3.4,7.000000000000001,0.0,1.0
1681 Eau de Parfum,Carthusia,6.0,7.200000000000001,1.5,3.5,6.0,1.6,0.0
Craft Eau De Parfum,Andrea Maack Parfums,3.6,11.799999999999999,0.0,9.0,9.5,0.0,2.2
Smart Eau de Parfum,Andrea Maack Parfums,0.0,13.2,5.1,3.6,11.799999999999999,8.4,0.0
XJ Richwood Eau de Parfum,Xerjoff,5.2,3.2,3.6,5.4,4.800000000000001,3.6,2.4
XJ Homme Eau de Parfum,Xerjoff,5.6,7.6,0.0,4.800000000000001,9.6,0.0,3.4
XJ Irisss Eau de Parfum,Xerjoff,0.0,5.4,8.1,0.0,4.3,3.6,0.0
Aventus Eau de Parfum,Creed,1.8,6.800000000000001,1.8,0.0,1.3,3.4000000000000004,0.0
Knize Ten Eau de Toilette,Knize,15.399999999999999,17.400000000000002,4.6,11.7,11.900000000000002,3.4000000000000004,2.2
De Bachmakov Eau de Parfum,The Different Company,4.9,4.4,6.6,6.5,5.9,3.6,1.0
Pink Quartz Eau de Parfum,Olivier Durbano,3.2,5.0,9.0,1.6,1.3,9.0,1.2
Sartorial Eau de Toilette,Penhaligons,8.8,21.4,3.1,10.499999999999998,14.7,1.6,2.0
Memoir Man Eau de Parfum,Amouage,3.6,10.4,1.8,7.0,5.6,5.0,0.0
Une Rose Vermeille Eau de Parfum,Tauer Perfumes,5.8,11.4,17.7,5.4,4.800000000000001,22.999999999999996,1.2
Cuir - Les Nombres d'Or Eau de Parfum,Mona di Orio,0.0,9.5,0.0,1.5,9.6,1.4,0.0
Musc - Les Nombres d'Or Eau de Parfum,Mona di Orio,2.8,3.2,3.6,0.0,1.3,3.6,1.0
Les Nuits d'Izu Eau de Parfum,Keiko Mecheri,11.4,1.4,7.2,0.0,1.3,7.2,2.2
Violette in Love Eau de Toilette,PARFUMS DE NICOLAI,2.0,2.8,8.1,0.0,2.6,7.2,0.0
L'eau Mixte Eau Fraiche,PARFUMS DE NICOLAI,9.4,1.8,7.2,5.0,3.6,7.2,0.0
Uden Eau de Parfum,Xerjoff,13.0,16.5,1.8,4.4,4.2,4.800000000000001,4.4
Kobe Eau de Parfum,Xerjoff,18.8,15.299999999999999,6.800000000000001,11.6,9.0,6.4,8.8
Oranges and Lemons Say The Bells of St. Clements Eau de Parfum,HEELEY,8.0,0.0,0.0,3.2,3.6,0.0,1.0
Ginger Ciao Eau de Parfum,YOSH,2.8,0.0,3.4,0.0,0.0,0.0,0.0
Bois Naufrage Eau de Toilette,"Pierre Guillaume Paris, Parfumerie Generale",3.2,4.5,1.6,2.8,1.8,0.0,1.0
Vetyverio Eau de Toilette,Diptyque,5.6,9.0,1.8,14.100000000000001,9.6,3.4000000000000004,0.0
Orange Sanguine Cologne Absolue,Atelier Cologne,3.6,6.8999999999999995,5.4,4.6000000000000005,1.6,6.800000000000001,3.2
Grand Neroli Cologne Absolue,Atelier Cologne,15.999999999999998,14.700000000000003,8.0,4.4,2.6,8.200000000000001,4.0
Oolang Infini Cologne Absolue,Atelier Cologne,6.4,4.0,1.8,5.2,11.2,1.8,0.0
Bois Blonds Cologne Absolue,Atelier Cologne,8.8,6.7,0.0,6.2,9.700000000000001,0.0,2.2
Orange Star Eau de Parfum,Tauer Perfumes,0.0,12.8,3.0,0.0,1.5,3.2,3.4
Gardenia Petale Eau de Parfum,Van Cleef & Arpels,2.0,0.0,17.099999999999998,0.0,0.0,4.0,3.2
Orchidee Vanille Eau de Parfum,Van Cleef & Arpels,0.0,18.1,8.4,2.9,2.9000000000000004,10.200000000000001,0.0
01 Nomad Eau de Parfum,Odin,1.8,6.6,0.0,6.9,7.7,0.0,0.0
02 Owari Eau de Parfum,Odin,6.800000000000001,4.8,0.0,1.6,2.6,0.0,0.0
03 Century Eau de Parfum,Odin,3.6,11.3,0.0,7.6000000000000005,6.2,0.0,0.0
Homme Eau de Parfum,Costume National,8.8,14.3,0.0,11.399999999999999,3.2,0.0,1.0
Fleur Nocturne Eau de Parfum,Isabey,0.0,7.6000000000000005,8.1,0.0,1.2,9.9,0.0
Aqua Universalis Eau de Toilette,Maison Francis Kurkdjian,14.0,2.0,4.8,0.0,1.5,2.8,3.2
Lumiere Noire Pour Femme Eau de Parfum,Maison Francis Kurkdjian,2.4,4.800000000000001,9.0,3.4,2.0,9.0,0.0
Lumiere Noire Pour Homme Eau de Toilette,Maison Francis Kurkdjian,1.2,6.800000000000001,8.600000000000001,5.0,0.0,5.4,2.0
Intelligence & Fantasy Eau de Toilette,The Beautiful Mind Series,7.199999999999999,4.4,10.0,8.8,10.799999999999999,7.0,2.0
Aquae Nobilis Eau de Parfum,Profumum,0.0,8.8,1.6,11.4,9.6,4.199999999999999,1.0
Al Oudh Eau de Parfum,L'Artisan Parfumeur,1.4,33.7,1.8,5.0,21.700000000000003,5.0,0.0
Millesime Imperial Eau de Parfum ...,Creed,11.0,2.8,1.5,1.8,4.4,1.4,2.4
Love in White Eau de Parfum ...,Creed,1.6,3.8000000000000003,6.6,1.8,1.6,6.800000000000001,1.0
Silver Mountain Water Eau de Parfum ...,Creed,10.0,1.4,3.2,3.6,4.5,1.4,2.0
Virgin Island Water Eau de Parfum ...,Creed,10.6,2.7,1.8,1.2,1.3,1.8,1.0
Acqua Fiorentina Eau de Parfum ...,Creed,9.0,0.0,3.6,5.2,4.800000000000001,6.5,1.0
Green Irish Tweed Eau de Parfum ...,Creed,2.0,1.6,6.2,3.6,3.4000000000000004,0.0,2.0
Himalaya Eau de Parfum ...,Creed,7.6,6.300000000000001,0.0,6.7,6.3,0.0,1.2
Patchouli Intense Eau de Parfum,PARFUMS DE NICOLAI,0.0,28.8,5.4,12.0,10.7,8.600000000000001,0.0
Midnight Oud Eau de Parfum,Juliette Has a Gun,0.0,29.000000000000004,7.2,7.0,18.4,7.2,0.0
Fat Electrician Eau de Parfum,Etat Libre d'Orange,0.0,6.0,1.6,9.0,7.2,3.2,1.0
L'humaniste Eau de Parfum,Frapin,5.8,4.8,3.3,3.0,0.0,1.6,3.4
Epic Woman Eau de Parfum,Amouage,0.0,23.400000000000002,10.8,7.0,12.0,12.4,0.0
Feminite du Bois Eau de Parfum,Serge Lutens,1.6,5.6,2.9,8.6,4.800000000000001,3.0,0.0
Wazamba Eau de Parfum,Parfum d'Empire,0.0,9.6,0.0,3.6,9.2,1.5,0.0
Black Afgano Parfum Extrait,Nasomatto,2.4,3.8,0.0,0.0,3.1,0.0,0.0
Tam Dao - Eau de Toilette,Diptyque,0.0,6.800000000000001,1.6,15.0,12.700000000000001,0.0,1.0
L'eau Eau de Toilette,Diptyque,0.0,13.600000000000001,5.4,19.0,4.800000000000001,5.4,0.0
Olene Eau de Toilette,Diptyque,3.2,0.0,14.0,0.0,0.0,16.0,4.0
Oyedo Eau de Toilette,Diptyque,9.6,0.0,3.2,1.7,1.6,1.4,5.4
L'Ombre dans l'Eau - Eau de Toilette,Diptyque,2.6,0.0,3.4000000000000004,0.0,0.0,1.8,2.0
Do Son - Eau de Toilette,Diptyque,1.6,2.8,12.8,0.0,2.6,6.800000000000001,0.0
Reflection Man Eau de Parfum,Amouage,3.4,3.2,3.6,6.800000000000001,11.200000000000001,3.6,1.2
Complex Eau de Parfum,Boadicea the Victorious,0.0,17.2,4.4,0.0,16.6,0.0,0.0
Nobara-Cha roll-on Perfume Oil,Aroma M,0.0,6.0,6.800000000000001,5.0,3.1,5.4,0.0
Tom of Finland Eau de Parfum,Etat Libre d'Orange,2.0,15.4,4.5,3.2,14.3,3.2,1.0
Putain des Palaces Eau de Parfum,Etat Libre d'Orange,0.0,9.0,8.3,3.2,6.8999999999999995,7.4,0.0
Secretions Magnifiques Eau de Parfum,Etat Libre d'Orange,0.0,0.0,1.5,1.8,1.6,0.0,0.0
Jasmin et Cigarette Eau de Parfum,Etat Libre d'Orange,1.6,10.2,3.6,7.300000000000001,8.2,3.6,1.0
Yes I Do (formerly Don't Get Me Wrong Baby) Eau de Parfum,Etat Libre d'Orange,4.4,7.2,9.8,3.2,0.0,3.6,1.0
Silver Man Eau de Parfum,Amouage,5.0,5.0,6.4,6.800000000000001,6.5,3.6,0.0
Vepres Siciliennes Eau de Parfum,Parfums MDCI,3.8,9.1,11.7,10.200000000000001,2.9000000000000004,6.9,3.2
Sublime Balkiss Eau de Parfum,The Different Company,5.4,14.500000000000002,13.4,1.6,1.6,5.4,1.0
Nuit de Cellophane Eau de Parfum,Serge Lutens,1.2,4.800000000000001,13.5,9.8,4.7,8.4,2.0
Peche Cardinal Eau de Parfum,Parfums MDCI,2.8,1.3,6.300000000000001,8.2,6.4,4.4,2.0
Dia Woman Eau de Parfum,Amouage,6.0,8.9,11.9,4.8,7.5,10.4,0.0
Dia Man Eau de Parfum,Amouage,1.6,12.100000000000001,1.7,9.0,5.6,1.6,1.0
Gold Woman Eau de Parfum,Amouage,0.0,1.4,12.4,3.6,4.5,9.0,0.0
Vanitas Eau de Parfum,Profumum,0.0,15.400000000000002,0.0,3.6,3.2,11.200000000000001,0.0
Makassar (formerly Bois de Santal) Eau de Parfum,Keiko Mecheri,1.2,8.8,1.8,7.2,7.9,3.2,0.0
Felanilla Eau de Parfum,"Pierre Guillaume Paris, Parfumerie Generale",0.0,20.200000000000003,1.5,3.2,0.0,11.000000000000002,0.0
Drama Nuui Eau de Parfum,"Pierre Guillaume Paris, Parfumerie Generale",4.4,2.8,8.8,3.6,5.800000000000001,10.0,3.0
Chergui Eau de Parfum,Serge Lutens,0.0,9.4,3.3,13.0,13.5,4.6,0.0
Jade Eau de Parfum,Olivier Durbano,5.1,12.600000000000001,8.100000000000001,12.5,9.2,1.8,3.0
Jus d'Amour - Eau de Parfum,Parfums Mercedes,0.0,8.100000000000001,6.699999999999999,4.8,3.2,9.600000000000001,1.0
Jus d'Amour - Perfume oil Perfume Oil,Parfums Mercedes,0.0,8.100000000000001,6.699999999999999,4.8,3.2,9.600000000000001,1.0
Monyette Paris Eau de Parfum Spray,Monyette Paris,1.6,4.4,6.2,2.8,0.0,3.2,1.0
Lyric for Women Eau de Parfum,Amouage,3.6,18.700000000000003,14.4,11.2,4.7,17.6,0.0
Lyric for Men Eau de Parfum,Amouage,4.9,10.2,13.0,9.2,10.200000000000001,8.600000000000001,2.0
Blenheim Bouquet Eau de Toilette,Penhaligons,10.7,2.7,0.0,1.2,1.3,0.0,5.4
Quercus Cologne,Penhaligons,11.700000000000001,11.4,8.4,11.2,5.800000000000001,5.0,2.4
Artemisia Eau de Parfum,Penhaligons,0.0,14.700000000000003,16.6,6.2,5.4,16.3,3.0
Opus 1870 Eau de Toilette,Penhaligons,4.0,13.4,3.6,10.4,10.5,5.0,1.2
Endymion Cologne,Penhaligons,6.6000000000000005,18.799999999999997,0.0,9.4,13.4,1.4,2.2
Vetiver Dance Eau de Toilette,Tauer Perfumes,6.0,5.0,6.9,16.2,17.6,3.6,1.0
Aziyade Eau de Parfum,Parfum d'Empire,0.0,17.8,0.0,6.6,1.3,6.200000000000001,0.0
Neroli Eau de Parfum,Profumum,10.6,2.6,5.6,3.5999999999999996,0.0,0.0,1.0
Dambrosia Eau de Parfum,Profumum,0.0,1.3,1.6,4.8,3.2,3.6,1.0
Private Collection: L'Eau Guerriere Eau de Toilette,"Pierre Guillaume Paris, Parfumerie Generale",6.0,4.8,0.0,3.0,5.9,0.0,2.0
China White Parfum Extrait,Nasomatto,0.0,2.0,0.0,0.0,2.0,1.6,0.0
L'Ete en Douce Eau de Toilette,L'Artisan Parfumeur,9.600000000000001,1.4,4.6,0.0,1.3,1.8,1.0
Sienne l'Hiver Eau de Toilette,Eau d'Italie,1.6,1.4,6.1,1.4,6.1000000000000005,0.0,3.0
Eau d'Italie - eau de toilette Eau de Toilette,Eau d'Italie,9.0,7.3,1.8,2.9,6.1,1.8,2.2
Geisha Blanche Eau de Parfum,Aroma M,5.2,0.0,3.6,0.0,0.0,5.2,4.2
Patchouli Noir Eau de Parfum,Il Profumo,3.6,16.900000000000002,0.0,4.3,1.6,4.6,1.0
Five O'Clock Au Gingembre Eau de Parfum,Serge Lutens,3.6,5.0,0.0,2.8,0.0,0.0,0.0
Red Aoud Eau de Parfum,Montale,0.0,1.8,0.0,5.2,5.0,1.4,0.0
Sel Marin Eau de Parfum,HEELEY,9.0,0.0,0.0,7.8,6.800000000000001,1.5,0.0
21 Eau de Parfum,Costume National,3.4000000000000004,25.400000000000002,3.2,6.699999999999999,11.399999999999999,8.0,0.0
Jubilation 25 Eau de Parfum,Amouage,2.0,12.2,3.6,4.800000000000001,4.6,5.1,0.0
Incense Rose Eau de Parfum,Tauer Perfumes,3.8,21.1,10.8,6.6,14.900000000000002,14.400000000000002,1.2
Patchouli Leaves Eau de Parfum,Montale,0.0,23.200000000000003,0.0,8.200000000000001,1.3,3.2,0.0
Absinth Parfum Extrait,Nasomatto,0.0,3.3,1.4,7.0,3.8,1.4,0.0
Narcotic V Parfum Extrait,Nasomatto,0.0,0.0,1.5,0.0,0.0,3.6,0.0
Silver Musk Parfum Extrait,Nasomatto,1.6,6.8999999999999995,0.0,1.2,5.2,0.0,2.0
Duro Parfum Extrait,Nasomatto,1.2,2.0,0.0,0.0,2.0,2.2,2.4
Incense extreme Eau de Parfum,Tauer Perfumes,1.2,22.5,0.0,1.2,13.5,3.0,0.0
No. 4 Eau de Toilette,Cereus,10.2,0.0,4.7,4.5,3.4000000000000004,0.0,5.2
No. 6 Eau de Toilette,Cereus,5.4,7.0,1.6,11.100000000000001,5.2,0.0,2.0
No. 7 Eau de Toilette,Cereus,6.800000000000001,11.7,8.2,2.9,10.399999999999999,3.6,3.0
Domenico Caraceni 1913 Eau de Toilette,Domenico Caraceni,5.4,1.8,3.6,5.4,4.0,5.0,2.4
Aoud Queen Roses Eau de Parfum,Montale,0.0,10.8,1.8,1.4,9.6,3.2,0.0
Lady Vengeance Eau de Parfum,Juliette Has a Gun,0.0,13.400000000000002,7.2,1.4,2.0,12.0,0.0
Cologne Cedrat Eau de Cologne,PARFUMS DE NICOLAI,8.4,3.2,0.0,1.2,0.0,0.0,2.2
Fig Tea Eau de Toilette,PARFUMS DE NICOLAI,0.0,1.8,1.6,2.8,0.0,4.4,1.0
Fleurs d'Oranger Eau de Parfum,Serge Lutens,8.8,5.7,14.4,5.5,1.6,10.8,3.4
Clair de Musc Eau de Parfum,Serge Lutens,9.6,7.0,6.6,1.8,8.1,3.6,1.2
Un Bois Vanille Eau de Parfum,Serge Lutens,0.0,11.500000000000002,0.0,3.0,1.6,4.800000000000001,0.0
Datura Noir Eau de Parfum,Serge Lutens,2.0,13.400000000000002,4.8,0.0,1.3,9.6,0.0
Geisha Noire Eau de Parfum,Aroma M,0.0,7.6,0.0,6.800000000000001,3.2,0.0,0.0
Osmanthus Interdite Eau de Parfum,Parfum d'Empire,0.0,1.4,9.0,0.0,1.3,16.4,0.0
Equistrius Eau de Parfum,Parfum d'Empire,0.0,7.0,6.3,6.800000000000001,5.0,3.4000000000000004,0.0
Fougere Bengale Eau de Parfum,Parfum d'Empire,0.0,18.6,0.0,9.6,6.0,3.2,0.0
Black Tourmaline Eau de Parfum,Olivier Durbano,0.0,23.7,0.0,6.1,13.8,4.199999999999999,0.0
Olibanum Eau de Parfum,Profumum,4.4,7.3,2.8,4.8,9.3,0.0,0.0
Acqua Viva Eau de Parfum,Profumum,7.6,1.3,0.0,4.6,3.2,0.0,2.0
Chocolate Greedy Eau de Parfum,Montale,0.0,19.4,0.0,0.0,0.0,1.6,0.0
L'Eau de L'Artisan Eau de Toilette,L'Artisan Parfumeur,8.8,1.3,3.0,1.2,0.0,0.0,2.0
Alba Eau de Parfum,Profumum,0.0,7.800000000000001,1.8,9.200000000000001,3.2,3.4000000000000004,0.0
Blu Perfume Oil,Bruno Acampora,2.6,0.0,6.0,3.6,3.2,2.2,1.0
Jasmin Perfume Oil,Bruno Acampora,0.0,0.0,10.4,0.0,0.0,9.0,0.0
Musc Perfume Oil,Bruno Acampora,0.0,11.2,3.3,3.4000000000000004,8.1,3.4000000000000004,3.4
White Aoud Eau de Parfum,Montale,0.0,19.5,3.6,9.9,10.3,9.8,0.0
Roses Musk Eau de Parfum,Montale,2.4,7.6,8.6,1.6,5.2,7.2,1.0
Perfect Kiss Eau de Parfum,Sarah Horowitz Parfums,0.0,8.700000000000001,3.6,8.0,3.2,3.6,0.0
Rock Crystal Eau de Parfum,Olivier Durbano,1.2,4.9,0.0,6.6,9.4,0.0,0.0
Tuberosa Eau de Parfum,Profumum,1.6,1.3,13.2,1.2,0.0,10.8,1.0
Victrix Eau de Parfum,Profumum,2.8,2.8,1.6,4.6,8.4,0.0,3.0
Ambra Aurea Eau de Parfum,Profumum,0.0,8.0,0.0,6.4,0.0,1.4,0.0
Promesse de l'Aube Eau de Parfum,Parfums MDCI,5.6,8.0,5.4,3.6,3.2,8.600000000000001,1.0
Rose de Siwa Eau de Parfum,Parfums MDCI,3.2,1.4,8.600000000000001,5.1,6.5,9.2,2.0
Ambre Topkapi Eau de Parfum,Parfums MDCI,5.4,18.6,4.699999999999999,14.600000000000001,12.5,6.4,0.0
Invasion Barbare Eau de Parfum,Parfums MDCI,5.6,7.300000000000001,1.5,1.5,3.5,3.2,3.2
Bois Farine Eau de Toilette,L'Artisan Parfumeur,1.6,0.0,1.5,3.5,3.2,0.0,1.0
The Pour un Ete Eau de Toilette,L'Artisan Parfumeur,9.1,0.0,5.2,0.0,0.0,5.0,1.0
Private Collection: L'Ombre Fauve Eau de Parfum,"Pierre Guillaume Paris, Parfumerie Generale",0.0,16.9,0.0,7.0,5.6,1.4,0.0
Ambre Sultan Eau de Parfum,Serge Lutens,0.0,15.600000000000001,0.0,8.0,3.1,4.800000000000001,0.0
Tubereuse Couture Eau de Parfum,"Pierre Guillaume Paris, Parfumerie Generale",3.6,0.0,14.3,0.0,0.0,6.6,4.2
Anne Pliska - Eau de Parfum,Anne Pliska,3.6,17.7,0.0,6.000000000000001,2.6,3.2,0.0
AMAZE Parfum Eau de Parfum,People of the Labyrinths,1.6,7.6,21.2,4.2,4.2,21.400000000000002,1.0
Ambre Russe Eau de Parfum,Parfum d'Empire,0.0,22.900000000000002,0.0,9.0,10.5,1.6,0.0
Cuir Ottoman Eau de Parfum,Parfum d'Empire,0.0,16.9,5.1,1.2,13.0,6.4,0.0
Eau Suave Eau de Parfum,Parfum d'Empire,0.0,4.9,5.4,1.2,1.3,7.0,0.0
Iskander Eau de Parfum,Parfum d'Empire,7.0,8.1,1.4,5.8,2.6,0.0,2.2
Soavissima Eau de Parfum,Profumum,0.0,5.3,1.8,4.4,0.0,9.8,0.0
Confetto Eau de Parfum,Profumum,0.0,9.0,1.8,3.2,2.6,3.4000000000000004,0.0
Dulcis in Fundo Eau de Parfum,Profumum,9.6,10.100000000000001,0.0,1.2,0.0,9.2,7.8
Fumidus Eau de Parfum,Profumum,0.0,3.6,0.0,4.6,5.800000000000001,0.0,0.0
Cardinal Eau de Parfum,HEELEY,2.4,16.5,0.0,6.000000000000001,12.7,1.4,0.0
Vanille Absolu Eau de Parfum,Montale,0.0,22.200000000000003,0.0,8.4,0.0,14.0,0.0
Wood and Spices Eau de Parfum,Montale,2.0,5.1,0.0,6.5,6.5,0.0,1.2
Intense Tiare Eau de Parfum,Montale,0.0,2.2,3.3,0.0,0.0,7.6,0.0
Black Aoud Eau de Parfum,Montale,0.0,7.4,5.4,3.6,7.1,5.4,0.0
Aoud Cuir d'Arabie Eau de Parfum,Montale,0.0,21.0,0.0,3.2,21.5,0.0,0.0
Gardenia Eau de Parfum,Isabey,0.0,3.0,14.3,1.8,2.9000000000000004,5.4,0.0
L'eau de Circe Eau de Parfum,"Pierre Guillaume Paris, Parfumerie Generale",2.4,8.5,9.0,5.8,0.0,9.0,0.0
Premier Figuier Extreme Eau de Parfum,L'Artisan Parfumeur,0.0,1.3,3.2,6.2,3.4000000000000004,0.0,2.0
Musc Maori Eau de Parfum,"Pierre Guillaume Paris, Parfumerie Generale",0.0,9.1,1.6,1.6,1.3,4.6,1.0
Brulure de Rose Eau de Parfum,"Pierre Guillaume Paris, Parfumerie Generale",3.6,11.100000000000001,10.4,6.2,4.1000000000000005,13.8,1.0
Cuir Venenum Eau de Parfum,"Pierre Guillaume Paris, Parfumerie Generale",5.2,10.8,2.8,1.7,12.2,2.8,1.2
Harmatan Noir Eau de Toilette,"Pierre Guillaume Paris, Parfumerie Generale",7.4,0.0,3.6,5.3,2.8,5.0,1.2
L'eau Rare Matale Eau de Toilette,"Pierre Guillaume Paris, Parfumerie Generale",7.800000000000001,1.4,1.8,5.0,9.7,4.0,2.2
Coze Eau de Parfum,"Pierre Guillaume Paris, Parfumerie Generale",0.0,16.4,0.0,2.4,0.0,4.800000000000001,2.4
Geisha Marron roll-on Perfume Oil,Aroma M,3.6,1.4,1.6,0.0,1.3,1.6,0.0
Dzongkha Eau de Toilette,L'Artisan Parfumeur,0.0,13.0,4.7,4.6,10.3,3.2,0.0
Miss Marisa perfume spray Eau de Parfum,Ebba,6.800000000000001,0.0,0.0,0.0,0.0,0.0,2.0
Miss Marisa Tropical perfume spray Eau de Parfum,Ebba,1.6,0.0,0.0,0.0,0.0,1.5,1.0
Fiore d'Ambra Eau de Parfum,Profumum,0.0,6.0,0.0,4.800000000000001,0.0,0.0,0.0
Thundra Eau de Parfum,Profumum,6.4,7.500000000000001,0.0,1.2,1.3,0.0,0.0
Acqua di Sale Eau de Parfum,Profumum,3.8,0.0,1.8,0.0,0.0,1.8,0.0
Ichnusa Eau de Parfum,Profumum,0.0,1.3,3.2,2.4,0.0,0.0,3.6
Acqua e Zucchero Eau de Parfum,Profumum,7.000000000000001,4.4,4.199999999999999,1.4,0.0,4.6,0.0
Patchouly Eau de Parfum,Profumum,0.0,13.799999999999999,0.0,11.8,7.8,0.0,0.0
Santalum Eau de Parfum,Profumum,0.0,5.6,0.0,10.8,7.9,0.0,0.0
Antico Caruso Eau de Parfum,Profumum,4.0,3.3,1.4,3.0,5.2,0.0,3.4
Sel de  Vetiver Eau de Toilette,The Different Company,3.4000000000000004,4.7,1.5,7.9,7.2,0.0,1.0
Patchouli Patch Eau de Toilette,L'Artisan Parfumeur,0.0,13.799999999999999,0.0,1.6,5.5,0.0,0.0
L'Eau d'Ambre Eau de Toilette,L'Artisan Parfumeur,0.0,13.799999999999999,0.0,4.800000000000001,0.0,3.2,0.0
Kai - Eau de Parfum Eau de Parfum Spray,Kai,1.6,0.0,4.5,0.0,0.0,3.8000000000000003,2.0
Fleur de Comores Eau de Parfum,Maitre Parfumeur et Gantier,1.6,11.100000000000001,6.6,2.8,3.1,9.8,1.0
Lonestar Memories Eau de Toilette,Tauer Perfumes,2.8,7.3,1.8,6.3,7.0,1.8,1.0
Musc Bleu Eau de Parfum,Il Profumo,2.5999999999999996,2.8,1.8,3.2,4.2,1.8,2.0
Mure et Musc Extreme Eau de Parfum,L'Artisan Parfumeur,3.6,5.0,0.0,0.0,2.6,1.6,3.2
Fou d'Absinthe Eau de Parfum,L'Artisan Parfumeur,1.2,4.7,4.6,7.300000000000001,1.8,2.8,2.0
Luctor et Emergo - Eau de Toilette,People of the Labyrinths,1.6,8.4,0.0,1.2,3.0,4.6,1.0
Vanille Extreme Eau de Toilette,Comptoir Sud Pacifique,0.0,7.9,0.0,1.2,0.0,6.200000000000001,0.0
Vanille Bourbon Eau de Parfum,Il Profumo,0.0,16.5,1.8,4.5,1.6,12.800000000000002,0.0
Chocolat Eau de Parfum,Il Profumo,0.0,7.6000000000000005,5.1,4.7,1.6,8.200000000000001,0.0
Green Eau de Parfum,Nanadebary,8.2,7.1,8.0,5.8,4.4,2.2,8.2
Mechant Loup Eau de Toilette,L'Artisan Parfumeur,0.0,1.8,0.0,4.6,1.6,0.0,0.0
La Chasse Aux Papillons EXTREME Eau de Parfum,L'Artisan Parfumeur,8.0,0.0,6.299999999999999,0.0,0.0,1.8,2.0
Geisha Green roll-on perfume oil,Aroma M,0.0,7.6,9.4,3.2,0.0,0.0,4.0
Narziß - (Narziss) eau de toilette,Dorissima,1.6,3.1,3.4000000000000004,5.8999999999999995,3.4000000000000004,3.2,2.0
Coral Perfume Oil,Sage,6.4,4.4,2.8,3.6,3.2,3.2,2.0
Moonstone Perfume Oil,Sage,1.2,9.8,3.0,7.2,5.3,3.2,0.0
Verveine d'Eugene Eau de Parfum,HEELEY,9.6,1.4,1.8,0.0,1.3,1.8,2.2
Iris de Nuit Eau de Parfum,HEELEY,1.2,2.0,12.0,3.3,1.6,0.0,2.0
Menthe Fraiche Eau de Parfum,HEELEY,18.3,1.3,4.800000000000001,2.9,1.6,0.0,3.0
Number One Intense Eau de Parfum,PARFUMS DE NICOLAI,3.2,0.0,14.5,0.0,0.0,7.2,0.0
Odalisque Eau de Parfum,PARFUMS DE NICOLAI,0.0,0.0,8.5,0.0,0.0,6.6,0.0
Vanille Tonka Eau de Parfum,PARFUMS DE NICOLAI,3.0,25.700000000000006,0.0,3.0,0.0,11.200000000000001,0.0
Eau d'ete Eau Fraiche,PARFUMS DE NICOLAI,8.1,6.4,3.6,3.6,2.6,3.6,3.2
Cologne Sologne Eau de Cologne,PARFUMS DE NICOLAI,15.799999999999999,0.0,1.4,1.8,1.6,0.0,3.2
Vetyver Eau de Toilette,PARFUMS DE NICOLAI,1.6,5.0,3.4000000000000004,6.4,3.6,1.8,2.0
New York Eau de Toilette,PARFUMS DE NICOLAI,5.8,11.2,0.0,8.3,5.4,3.2,1.2
Le Maroc pour elle Eau de Parfum,Tauer Perfumes,2.0,4.5,5.4,4.7,3.2,9.0,1.2
Patchouli perfume oil,Jalaine,0.0,17.500000000000004,0.0,5.8,1.3,3.2,0.0
Vanilla perfume oil,Jalaine,0.0,15.900000000000002,0.0,1.2,1.3,9.600000000000001,0.0
Costes perfume Eau de Toilette,Costes,0.0,4.7,0.0,1.2,2.8,0.0,0.0
Amber Vanilla perfume oil,Regina Harris,0.0,15.900000000000002,0.0,7.6000000000000005,0.0,6.200000000000001,0.0
Geisha Blanche roll-on perfume oil,Aroma M,0.0,0.0,1.8,0.0,0.0,4.0,3.0
Geisha Noire roll-on perfume oil,Aroma M,0.0,3.8,0.0,3.4000000000000004,1.6,0.0,0.0
Geisha Rouge roll-on perfume oil,Aroma M,0.0,8.700000000000001,0.0,8.399999999999999,3.6,1.6,0.0
FRANK No. 2 Eau de Parfum,FRANK los angeles,3.6,9.3,0.0,4.0,4.9,0.0,0.0
Silk perfume oil,Jalaine,6.4,11.900000000000002,0.0,4.4,0.0,6.200000000000001,0.0
Mure et Musc Eau de Toilette,L'Artisan Parfumeur,3.6,2.8,0.0,0.0,2.6,0.0,3.2
Mimosa Pour Moi Eau de Toilette,L'Artisan Parfumeur,2.4,1.3,6.5,1.2,0.0,3.2,2.0
Premier Figuier Eau de Toilette,L'Artisan Parfumeur,0.0,1.3,4.800000000000001,8.0,5.2,2.9,3.0
Passage d'Enfer Eau de Toilette,L'Artisan Parfumeur,0.0,3.4,1.7,0.0,2.8,0.0,0.0
La Chasse Aux Papillons Eau de Toilette,L'Artisan Parfumeur,8.0,0.0,6.299999999999999,0.0,0.0,1.8,2.0
Gendarme - Eau de Cologne,Gendarme,8.799999999999999,5.4,6.6,1.2,7.5,3.6,8.0
Bergamote Eau de toilette,The Different Company,20.2,2.7,7.6000000000000005,1.2,1.3,0.0,6.6
Frankincense - Myrrh - Rose Maroc perfume oil,Regina Harris,0.0,3.6,7.2,3.0,3.1,8.6,0.0
Tiptoeing through chambers of the moon Eau de Parfum,Pilar and Lucy,0.0,5.3,3.0,4.4,0.0,0.0,0.0
Tiptoeing through Chambers of the Moon Perfume Oil roll-on,Pilar and Lucy,0.0,5.3,3.0,4.4,0.0,0.0,0.0
Sage perfume oil,Sage,1.2,6.4,1.8,0.0,2.6,4.6,0.0
To twirl all girly Eau de Parfum,Pilar and Lucy,0.0,1.3,4.8,1.2,0.0,4.0,0.0
Amber perfume oil,Sage,1.2,6.0,0.0,4.800000000000001,0.0,0.0,0.0
Vanille Noire du Mexique Eau de Toilette,La Maison de la  Vanille,1.8,14.0,5.1,0.0,0.0,11.600000000000001,0.0
Pink Eau de parfum,Nanadebary,1.8,7.0,0.0,7.8,3.2,5.4,0.0
Onyx perfume oil,Sage,0.0,5.7,0.0,5.2,4.0,3.2,0.0
Turquoise perfume oil,Sage,5.6,4.1,0.0,3.0,4.2,1.6,1.0
Serendipitous Eau de Parfum,Serendipity 3,0.0,5.6,0.0,0.0,0.0,1.6,0.0
Vanille Abricot Eau de Toilette,Comptoir Sud Pacifique,0.0,13.6,0.0,2.4,0.0,10.9,0.0
Vanille Coco,Comptoir Sud Pacifique,0.0,5.7,0.0,1.2,0.0,4.6,0.0
Amour de Cacao Eau de Toilette,Comptoir Sud Pacifique,0.0,13.4,0.0,0.0,0.0,4.800000000000001,0.0
Scent Intense Eau de Parfum,Costume National,0.0,8.0,1.8,6.4,0.0,1.8,0.0
Pearl Perfume Oil,Sage,0.0,5.0,0.0,3.6,5.800000000000001,1.6,1.0
Vanille Givree des Antilles Eau de Toilette,La Maison de la  Vanille,0.0,10.700000000000001,3.3,1.2,0.0,6.4,0.0
Vanille Sauvage de Madagascar Eau de Toilette,La Maison de la  Vanille,1.8,9.900000000000002,0.0,6.4,6.5,4.800000000000001,0.0
Vanille Fleurie de Tahiti Eau de Toilette,La Maison de la  Vanille,1.8,14.4,0.0,4.9,3.1,6.300000000000001,0.0
Garnet perfume oil,Sage,0.0,11.600000000000001,6.6,3.2,0.0,8.3,0.0
Voleur de Roses Eau de Toilette,L'Artisan Parfumeur,1.8,3.2,8.6,0.0,0.0,7.2,0.0
Aqaba Eau de Parfum,Aqaba,0.0,8.200000000000001,9.0,7.500000000000001,1.5,9.0,0.0
Oliban Eau de Parfum,Keiko Mecheri,0.0,0.0,3.6,10.2,7.2,3.6,0.0
Timbuktu Eau de Toilette,L'Artisan Parfumeur,1.6,8.6,4.800000000000001,7.6,8.2,0.0,6.0
Luctor et Emergo - Eau de Parfum,People of the Labyrinths,1.6,8.4,0.0,1.2,3.0,4.6,1.0
Dzing! Eau de Toilette,L'Artisan Parfumeur,0.0,3.8,0.0,0.0,2.0,0.0,0.0
Perfect Nectar Eau de Parfum,Sarah Horowitz Parfums,1.5,0.0,3.2,0.0,0.0,3.2,2.0
Coquette tropique,Monyette Paris,5.2,4.4,3.0,0.0,0.0,3.2,3.2
Kai - Perfume Oil Roll-on Perfume Oil,Kai,1.6,0.0,4.5,0.0,0.0,3.8000000000000003,2.0
To twirl all girly Perfume Oil Roll-on Perfume Oil,Pilar and Lucy,0.0,1.3,4.8,1.2,0.0,4.0,0.0
Perfect Veil Eau de Parfum,Sarah Horowitz Parfums,3.8,4.9,0.0,3.0,2.9000000000000004,1.6,1.0
Scent Eau de Parfum,Costume National,2.8,4.0,3.6,3.2,0.0,3.6,1.0
Bronze Eau de Parfum,Nanadebary,6.0,15.9,5.1,7.9,4.2,9.0,0.0
Monyette Paris Fragrance Oil,Monyette Paris,0.0,6.6000000000000005,4.6,1.4,0.0,6.200000000000001,0.0
1270 Eau de Parfum,Frapin,0.0,7.5,0.0,4.2,3.6,1.6,0.0
